foria,foria_justificacion,recorte_id,experienciador,tipo_emocion,dominancia,dominancia_justificacion,intensidad,intensidad_justificacion,fuente,tipo_fuente,fuente_justificacion
Disfórico,"La indignación expresada por el presidente Milei al referirse al ""secuestro ilegal"" de Nahuel Gallo refleja una reacción de malestar y desaprobación ante una acción ilícita, lo cual corresponde a una tonalidad afectiva negativa típica de las emociones disfóricas.",DISCURSO_048_FR_002,Presidente Javier Milei,indignación,Cognoscitiva,"El enunciador evalúa la acción como ilegal e injusta, expresando juicio y sentimiento de indignación sin indicios de manifestaciones corporales.",Alta,"El enunciador menciona explícitamente el ""secuestro ilegal"" de Nahuel Gallo y lo presenta como una acción ilícita que merece una reacción de indignación. La referencia a este hecho antes de iniciar el discurso indica una fuerte condena y una respuesta emocional intensa, típica de la indignación en un contexto político y de injusticia. Por lo tanto, la intensidad de la emoción se infiere como alta.",secuestro ilegal de Nahuel Gallo en Venezuela,situacion,"El expresidente Javier Milei muestra indignación al referirse al secuestro ilegal de Nahuel Gallo, un evento externo que constituye la causa directa de su emoción."
Disfórico,"El sentimiento de desprecio y desdén expresado en la frase ""dictador criminal"" y la crítica a la detención por un delito trivial indica una emoción negativa y de malestar, lo que corresponde al carácter disfórico según la ontología y las heurísticas proporcionadas.",DISCURSO_048_FR_003,Presidente Javier Milei,contempto,Cognoscitiva,"El sentimiento de desprecio se manifiesta principalmente a través de juicios evaluativos: se califica a Maduro como ""dictador criminal"" y se minimiza la gravedad de la detención, lo que indica una valoración cognitiva de superioridad y desdén, sin indicios de manifestaciones corporales o sensaciones físicas.",Alta,"El discurso emplea calificativos fuertes como ""dictador criminal"" y presenta la detención como un acto de gravedad exagerada por un delito trivial, lo que indica un desprecio intenso y una expresión de desprecio clara hacia Maduro y su régimen.",dictador criminal Nicolás Maduro,actor,"El sentimiento de desprecio se origina en la referencia negativa a Nicolás Maduro como ""dictador criminal"" y la trivialidad del delito que lo llevó a ser detenido, lo que provoca una actitud de desprecio hacia él y su régimen."
Disfórico,"El discurso expresa indignación hacia la detención injusta y la condena de Maduro como dictador criminal, lo que indica una emoción negativa y de malestar.",DISCURSO_048_FR_003,Presidente Javier Milei,indignación,Cognoscitiva,"El discurso presenta juicios y evaluaciones morales (denominación de Maduro como ""dictador criminal"" y la crítica a la injusticia de la detención), sin manifestaciones físicas o sensaciones corporales explícitas, lo que indica una dominancia cognoscitiva de la emoción de indignación.",Alta,"El enunciador utiliza un lenguaje fuerte y condenatorio al referirse a Nicolás Maduro como ""dictador criminal"" y al describir la detención como una injusticia por un delito trivial. La combinación de calificativos negativos y la crítica directa indican una expresión intensa de indignación.",detención de la pareja y el hijo por las fuerzas de seguridad a cargo de Nicolás Maduro,situacion,"La indignación del presidente Milei se desencadena por el evento concreto de la detención, considerado injusto y trivial, que constituye una situación que provoca la emoción."
Afórico,"La emoción de determinación se caracteriza por una firme voluntad de lograr un objetivo sin expresar explícitamente alegría ni malestar. En el discurso, la frase indica una intención resoluta y decidida, pero no transmite una tonalidad afectiva positiva (eufórica) ni negativa (disfórica). Por lo tanto, se clasifica como afórica, es decir, neutra en cuanto a polaridad emocional.",DISCURSO_048_FR_004,Presidente Javier Milei,determinación,Cognoscitiva,"La expresión ""agotaremos todas las vías diplomáticas"" refleja un juicio deliberado, una evaluación estratégica y la intención firme de actuar, sin manifestaciones físicas explícitas. Por lo tanto, la dominancia de la emoción de determinación se ubica en el dominio cognoscitivo.",Alta,"El discurso emplea verbos fuertes como ""exigimos"" y ""agotaremos"", además de la expresión ""inmediata"" y la referencia a ""todas las vías diplomáticas"", lo que indica una intención firme y urgente, caracterizando una alta intensidad de determinación.",la detención de la persona,situacion,"La determinación del presidente surge como respuesta directa a la situación de detención de la persona, lo que motiva la exigencia de su liberación inmediata y el uso de vías diplomáticas."
Eufórico,"La expresión de esperanza y la expectativa de un resultado positivo (liberación sana y salvo) indican un tono positivo y optimista, característico de la emoción eufórica.",DISCURSO_048_FR_004,Presidente Javier Milei,esperanza,Cognoscitiva,"La esperanza se manifiesta en la evaluación positiva y la expectativa de éxito, evidenciada por la determinación de exigir la liberación y la planificación de vías diplomáticas, sin indicios de manifestaciones corporales.",Alta,"El discurso muestra una demanda urgente y la determinación de usar todas las vías diplomáticas, lo que indica una esperanza fuerte y activa de que el proceso sea exitoso y el individuo sea recuperado sin daños.",vías diplomáticas para devolverlo sano y salvo a la argentina,situacion,"La esperanza surge de la expectativa de que las vías diplomáticas llevarán a la liberación y retorno seguro del individuo, constituyendo una situación externa que genera la emoción."
disforico,"La emoción de indignación se caracteriza por un tono negativo de malestar y descontento frente a una acción percibida como injusta o violatoria. En el discurso se emplean verbos y expresiones como ""exigimos"" y la denuncia de un secuestro, lo que refuerza la carga negativa y de protesta, alineándose con la categoría disfórica.",DISCURSO_048_FR_004,Presidente Javier Milei,indignación,cognoscitiva,"El discurso expresa indignación a través de juicios morales y evaluaciones (""exigimos"", ""inmediata"", ""agotar todas las vías diplomáticas""), sin manifestaciones físicas explícitas, lo que indica una dominancia cognoscitiva.",Alta,"El uso de ""exigimos"" y la declaración de ""agotar todas las vías diplomáticas"" indican una demanda firme y urgente, típica de una indignación con alta intensidad. Además, el contexto de denunciar un secuestro y la urgencia de la liberación refuerzan la fuerza emocional del discurso.",secuestro,situacion,"La indignación surge al denunciar el secuestro, un evento que implica la violación de derechos y la acción del régimen."
Eufórico,"El verbo 'quiero' indica un deseo de saludar, que se interpreta como una expresión de entusiasmo y cordialidad. El contexto de un discurso de bienvenida y reconocimiento a los militares y a los nuevos egresados sugiere un tono positivo y alegre, característico de la euforía.",DISCURSO_048_FR_005,Presidente Javier Milei,deseo,Cognoscitiva,"El deseo se manifiesta a través del verbo ""quiero"", una expresión verbal que indica una intención o deseo de saludar. No hay indicios de manifestaciones físicas o sensaciones corporales, por lo que la emoción se basa principalmente en un juicio o intención, lo que indica dominancia cognoscitiva.",Baja,"El deseo de saludar se expresa con el verbo ""quiero"" sin intensificadores ni adverbios que aumenten su fuerza. El contexto es una formalidad de discurso, donde la expresión de deseo es habitual y no implica una emoción intensa. Por lo tanto, la intensidad se considera baja.","la situación de estar en el evento con el ministro de defensa, los jefes del estado mayor, el poder ejecutivo y los nuevos egresados de las fuerzas armadas",situacion,"El deseo de saludar surge del contexto de la reunión formal donde están presentes el ministro de defensa, los jefes del estado mayor, el poder ejecutivo y los nuevos egresados, lo que constituye la situación que desencadena la emoción."
euforico,"El discurso expresa gratitud y reconocimiento hacia los acompañantes, lo que indica una emoción positiva y de satisfacción. La apreciación se manifiesta como alegría y entusiasmo por su presencia, lo que corresponde al carácter eufórico según la ontología.",DISCURSO_048_FR_006,Presidente Javier Milei,aprecio,cognoscitiva,"El discurso expresa reconocimiento y gratitud hacia los acompañantes, lo que implica juicios y evaluaciones de su apoyo. No se mencionan manifestaciones físicas ni sensaciones corporales, por lo que la dominancia se identifica como cognoscitiva.",Alta,"El discurso expresa un agradecimiento explícito y enfático, resaltado por la frase ""inolvidable jornada"", lo que indica una apreciación fuerte y claramente expresada.",los asistentes que han venido a acompañarlos,actor,El reconocimiento de la presencia y apoyo de los asistentes genera una sensación de aprecio en el presidente.
euforico,"La expresión de gratitud indica un tono positivo de satisfacción y aprecio, lo que la clasifica como una emoción eufórica según la ontología y las heurísticas de tonalidad afectiva.",DISCURSO_048_FR_006,Presidente Javier Milei,gratitud,Cognoscitiva,"El enunciado expresa un reconocimiento y valoración de la presencia de los acompañantes, lo que implica un juicio de agradecimiento y aprecio. No se menciona ninguna manifestación física específica (gestos, expresiones faciales, sensaciones corporales), por lo que la emoción se manifiesta principalmente a nivel cognitivo.",Baja,"El enunciado expresa gratitud de manera sencilla y sin énfasis emocional fuerte; la frase es una simple expresión de agradecimiento sin adverbios intensificadores ni tono exaltado, lo que indica una intensidad baja.",todos aquellos que han venido a acompañarlos,actor,"El agradecimiento del presidente se dirige a las personas que asistieron y acompañaron la jornada, por lo que la fuente de la emoción es el grupo de asistentes, clasificado como actor según la ontología."
euforico,"El discurso describe la jornada como ""inolvidable"" y expresa orgullo por los participantes, lo que indica una valoración positiva y de satisfacción. La emoción de orgullo se alinea con la tonalidad eufórica, caracterizada por alegría, entusiasmo y satisfacción, sin indicios de malestar o neutralidad. Por lo tanto, el carácter fórico de la emoción identificada es eufórico.",DISCURSO_048_FR_006,Presidente Javier Milei,orgullo,cognoscitiva,"El enunciador evalúa la jornada como inolvidable y expresa orgullo por los participantes, lo que indica una valoración cognitiva sin indicios de manifestaciones corporales.",Alta,"El enunciador utiliza el adjetivo ""inolvidable"" para describir la jornada, lo que indica una valoración muy positiva y fuerte. Además, al dirigirse a los asistentes con orgullo, se expresa una emoción intensa y celebratoria. En conjunto, la presencia de un calificativo fuerte y la expresión de orgullo sugieren una intensidad alta.",la jornada,situacion,"El orgullo se origina en la valoración positiva de la jornada como inolvidable y en la presencia de los asistentes, lo que constituye una situación que provoca la emoción."
euforico,"La expresión ""es un honor para mí"" refleja un sentimiento positivo de orgullo y satisfacción, característico de una emoción eufórica. El tono de la frase transmite entusiasmo y gratitud por la oportunidad de participar en la ceremonia, lo que indica una tonalidad afectiva claramente positiva.",DISCURSO_048_FR_007,Presidente Javier Milei,honor,Cognoscitiva,"La expresión ""es un honor para mí"" indica una valoración y reconocimiento interno del evento, reflejando un juicio cognitivo sobre la importancia y dignidad de la ceremonia. No se menciona ninguna manifestación física o sensación corporal, por lo que la dominancia se ubica en el dominio cognoscitivo.",Neutra/Ambivalente,"La frase ""es un honor para mí"" es una expresión estándar y formal sin adverbios o intensificadores que aumenten su fuerza emocional. No se percibe una exaltación ni una leveza marcada, por lo que la intensidad se considera neutra o ambivalente dentro del contexto discursivo.",la ceremonia de egreso conjunto,situacion,El acto de participar en la ceremonia de egreso conjunto constituye un evento formal y significativo que genera el sentimiento de honor en el presidente.
euforico,"El enunciador expresa alegría y entusiasmo al ofrecer sus más sinceras felicitaciones a los graduados, lo cual indica una tonalidad afectiva positiva y de satisfacción, característica de la emoción eufórica.",DISCURSO_048_FR_009,Presidente Javier Milei,felicidad,Cognoscitiva,"El discurso expresa felicidad a través de una evaluación positiva y un reconocimiento verbal (“mis más sinceras felicitaciones”), sin mencionar manifestaciones físicas explícitas. La emoción se manifiesta principalmente en juicios y pensamientos asociados al logro y la celebración, lo que indica una dominancia cognoscitiva.",Alta,"El discurso expresa alegría y gratitud al ofrecer ""mis más sinceras felicitaciones"" a los graduados, un gesto que implica una emoción fuerte y genuina. La elección de palabras como ""más sinceras"" y el contexto de una ceremonia de graduación refuerzan la intensidad alta de la felicidad manifestada.",la finalización de la formación básica para el servicio a la patria,situacion,"El presidente expresa felicidad al reconocer que los graduados han concluido la formación básica que eligieron, lo cual constituye un evento que desencadena la emoción."
euforico,"La expresión de orgullo implica una valoración positiva y de satisfacción hacia el logro de los graduados, lo que corresponde a un tono afectivo eufórico según la ontología y las heurísticas de inferencia.",DISCURSO_048_FR_009,Presidente Javier Milei,orgullo,Cognoscitiva,"El discurso expresa orgullo a través de la evaluación y reconocimiento del logro de los graduados, manifestado en la frase ""mis más sinceras felicitaciones"". No se mencionan sensaciones físicas ni gestos corporales, por lo que la emoción se presenta principalmente en el plano cognitivo.",Alta,"El discurso emplea expresiones de reconocimiento y felicitación directa, como ""mis más sinceras felicitaciones"", que indican un orgullo fuerte y explícito por el logro de los graduados. La formalidad del contexto (graduación militar) y la elección de adjetivos que subrayan la sinceridad refuerzan la intensidad emocional, situándola en el rango de alta.",la finalización de la formación básica para el servicio a la patria por parte de los graduados,situacion,"El orgullo se desencadena por el logro concreto de los graduados al completar la formación básica, un evento significativo que el presidente reconoce y felicita."
euforico,"El discurso expresa una visión positiva y esperanzadora del futuro de los graduados, resaltando la continuidad del aprendizaje y el acompañamiento de las enseñanzas a lo largo de sus vidas. Este tono optimista y de expectativa favorable corresponde a la categoría eufórica, caracterizada por la alegría, entusiasmo y satisfacción que la esperanza evoca.",DISCURSO_048_FR_011,Presidente Javier Milei,esperanza,Cognoscitiva,"La expresión de esperanza se centra en la valoración positiva y la expectativa futura de aprendizaje continuo. No se menciona ninguna manifestación física ni gesto corporal; la emoción se manifiesta a través de juicios y evaluaciones mentales sobre el futuro de los graduados, lo que indica una dominancia cognoscitiva.",Alta,"El discurso expresa una visión muy positiva y optimista sobre el futuro de los graduados, enfatizando que nunca dejarán de aprender y que las enseñanzas los acompañarán toda la vida. El uso de expresiones como ""nunca dejarán de aprender"" y la referencia a un acompañamiento permanente refuerzan la fuerza de la emoción de esperanza, lo que indica una intensidad alta.",nueva etapa de aprendizaje,situacion,"El discurso menciona que termina una etapa y comienza otra donde nunca dejarán de aprender, lo que genera esperanza en los graduados."
Eufórico,"El discurso celebra el logro de los graduados y expresa orgullo, un sentimiento positivo y de satisfacción. La frase destaca el cierre de una etapa y el inicio de otra llena de aprendizaje, lo que refuerza la tonalidad alegre y entusiasta típica de la emoción eufórica.",DISCURSO_048_FR_011,Presidente Javier Milei,orgullo,Cognoscitiva,"El orgullo se expresa a través de la valoración positiva de la finalización de la etapa y la expectativa de aprendizaje futuro, sin mencionar sensaciones corporales o gestos; por lo tanto, la dominancia es cognoscitiva.",Alta,"El discurso celebra el logro de los graduados al concluir una etapa de formación, lo que implica un sentimiento de orgullo por su éxito. La expresión es celebratoria y positiva, típica de un tono de orgullo fuerte, lo que sugiere una intensidad alta.",el logro de los graduados al concluir una etapa de formación,situacion,"El orgullo del presidente surge al observar el evento concreto de que los graduados han terminado una etapa de su formación, lo cual constituye una situación específica que desencadena la emoción."
Eufórico,"La emoción identificada es anticipación, y el contexto del discurso es claramente positivo: la entrega de los sables simboliza principios y valores heroicos. La expectativa de un evento favorable genera una sensación de entusiasmo y satisfacción, lo que la coloca dentro de la categoría eufórica según las heurísticas de tonalidad afectiva.",DISCURSO_048_FR_012,Presidente Javier Milei,anticipación,Cognoscitiva,"La emoción de anticipación se manifiesta principalmente a través de juicios y evaluaciones mentales sobre el evento próximo, sin indicios de manifestaciones corporales explícitas en el discurso. El uso de ""en instantes"" señala una expectativa mental y una valoración cognitiva del momento que se avecina, lo que indica una dominancia cognoscitiva.",Baja,"El discurso emplea el adverbio temporal ""en instantes"" sin intensificadores ni expresiones que aumenten la emoción. La referencia a la entrega de los sables se presenta de manera informativa y formal, lo que sugiere una sensación de anticipación leve y no intensamente expresada.",la entrega de los sables,situacion,"La emoción de anticipación surge porque el presidente menciona que en instantes se realizará la entrega de los sables, un evento concreto que está próximo a ocurrir."
euforico,"El discurso expresa orgullo y celebración al mencionar que los sables simbolizan los máximos principios y valores de los héroes emancipadores, lo que implica una valoración positiva y satisfacción. Esta valoración positiva y el tono de celebración corresponden a la categoría eufórica.",DISCURSO_048_FR_012,Presidente Javier Milei,orgullo,Cognoscitiva,"El discurso expresa orgullo a través de juicios y evaluaciones sobre los valores y la tradición de los héroes emancipadores, sin mencionar manifestaciones físicas o gestos. Por lo tanto, la dominancia de la emoción identificada es cognoscitiva.",Alta,"El discurso expresa un orgullo fuerte y celebratorio al mencionar que los sables, símbolos de los máximos principios y valores de los héroes emancipadores, serán entregados a los graduados. La referencia a la tradición y la exaltación de los valores nacionales indica una emoción intensamente positiva, típica de un orgullo elevado en un contexto ceremonial y simbólico.",los sables,objeto,"El orgullo se desencadena por la entrega de los sables, que simbolizan los máximos principios y valores de los héroes emancipadores, generando una valoración positiva y orgullo por la tradición y los graduados que recibirán el símbolo."
aforico,"El sentimiento de respeto se expresa de manera neutral, sin tono de alegría ni malestar, por lo que se clasifica como afórico.",DISCURSO_048_FR_012,Presidente Javier Milei,respeto,Cognoscitiva,"El sentimiento de respeto se manifiesta principalmente a través de juicios y evaluaciones sobre la importancia de los valores y la tradición militar, sin indicios de manifestaciones corporales o sensaciones físicas asociadas.",Baja,"El discurso presenta un tono formal y respetuoso sin el uso de adjetivos o verbos que intensifiquen la emoción. La frase se limita a describir la entrega simbólica de los sables y la referencia a los valores de los héroes emancipadores, sin recurrir a expresiones apasionadas o exclamaciones que indiquen una emoción fuerte. Por lo tanto, la intensidad del respeto expresado se considera baja.",los sables,objeto,"Los sables son objetos materiales que simbolizan los máximos principios y valores de los héroes emancipadores, y su entrega evoca un sentimiento de respeto hacia la institución y sus símbolos."
aforico,"La reverencia expresa un respeto y admiración solemne hacia los héroes y sus valores, lo cual es una emoción positiva pero no se caracteriza por la alegría, entusiasmo o satisfacción típica del eufórico. Tampoco presenta un tono negativo, por lo que no es disfórico. Al no mostrar una polaridad claramente positiva o negativa, se clasifica como afórico.",DISCURSO_048_FR_012,Presidente Javier Milei,reverencia,Cognoscitiva,"La reverencia expresada en el discurso se fundamenta en juicios y evaluaciones sobre los héroes emancipadores y los valores que simbolizan los sables. No se describen manifestaciones físicas o sensaciones corporales, por lo que la emoción predomina en el ámbito cognitivo.",Alta,"La expresión de reverencia se manifiesta de forma intensa al hacer referencia a los ""héroes emancipadores"" y a los ""máximos principios y valores"" que los sables simbolizan. El tono formal y la connotación histórica del discurso refuerzan la fuerza emocional, indicando una reverencia profunda y no simplemente leve o ambivalente.",los sables,objeto,"La reverencia se desencadena por los sables, objetos simbólicos que representan los máximos principios y valores de los héroes emancipadores, evocando respeto y veneración hacia esos valores históricos."
Eufórico,"El discurso enfatiza la fidelidad a la constitución y el compromiso de los oficiales con una vida de servicio a la nación, lo que refleja una actitud de determinación positiva y entusiasmo por la misión, caracterizando la emoción como eufórica.",DISCURSO_048_FR_014,Presidente Javier Milei,determinación,Cognoscitiva,"La determinación se manifiesta principalmente a través de juicios y evaluaciones: el presidente enfatiza la fidelidad a la constitución y el compromiso de los oficiales con una vida de servicio a la nación. No se citan manifestaciones físicas ni gestos, por lo que la emoción predomina en el dominio cognoscitivo.",Alta,"El discurso utiliza verbos fuertes como ""tomará"" y ""comprometerá"", además de la referencia a una ""vida entera de servicio a la nación"", lo que indica un compromiso firme y decidido. La mención de la fidelidad a la constitución nacional refuerza la determinación del presidente, lo que sugiere una intensidad alta de la emoción identificada.",juramento de fidelidad a la constitución nacional,situacion,El acto de tomar juramento constituye un evento concreto que impulsa al presidente a manifestar determinación para asegurar la integridad constitucional y el compromiso de los oficiales con el servicio a la nación.
Eufórico,"La emoción identificada es esperanza, la cual se expresa mediante una visión positiva y optimista del futuro. El discurso menciona un juramento que comprometerá a los oficiales a una vida entera de servicio a la nación, proyectando un futuro favorable y lleno de propósito. Este tono positivo, orientado a la satisfacción y al logro de metas colectivas, se alinea con la categoría eufórica, caracterizada por alegría, entusiasmo y satisfacción.",DISCURSO_048_FR_014,Presidente Javier Milei,esperanza,Cognoscitiva,"La expresión se centra en la valoración positiva y la expectativa de un futuro mejor, sin indicios de manifestaciones físicas, lo que indica una dominancia cognoscitiva.",Baja,"El discurso presenta una visión positiva y esperanzadora sobre el futuro de la nación y el compromiso de los oficiales, pero lo hace de manera formal y sin recursos retóricos intensos (no hay exclamaciones, adjetivos superlativos ni lenguaje cargado). La expresión de esperanza se mantiene moderada y se integra en un contexto institucional, lo que sugiere una intensidad baja de la emoción.",juramento de fidelidad a la constitución nacional,situacion,"El sentimiento de esperanza se origina en la promesa de un juramento que compromete a los oficiales a una vida entera de servicio a la nación, lo cual proyecta una visión positiva y esperanzadora del futuro de la nación y de los oficiales."
euforico,"El discurso expresa orgullo y celebración por la entrega de juramentos y el compromiso de los oficiales con la nación, lo que indica un tono positivo y de satisfacción, característico de una emoción eufórica.",DISCURSO_048_FR_014,Presidente Javier Milei,orgullo,Cognoscitiva,"El orgullo se expresa a través de juicios y evaluaciones sobre la institución y los oficiales, resaltando la importancia del juramento y el compromiso con la nación; no se menciona manifestaciones físicas, por lo que la dominancia es cognoscitiva.",Alta,"El discurso celebra la entrega de juramentos y la formación de nuevos oficiales, expresando orgullo por la institución y el compromiso de los oficiales. El tono formal y la referencia a una vida entera de servicio indican una emoción de orgullo intensamente expresada.",la entrega de juramentos de fidelidad a la Constitución Nacional,situacion,"El orgullo surge al presenciar la ceremonia de juramento, un evento que simboliza el compromiso y la continuidad de la institución nacional."
Eufórico,"La emoción de reverencia expresada en el discurso se percibe como una actitud de respeto y solemnidad hacia la Constitución y la nación, lo cual implica una valoración positiva y de admiración. Dado que la reverencia se asocia con una tonalidad afectiva positiva y de estima, se clasifica dentro del rango eufórico según las heurísticas de foria.",DISCURSO_048_FR_014,Presidente Javier Milei,reverencia,Cognoscitiva,"El discurso enfatiza el compromiso moral y la lealtad a la constitución, expresando juicios y evaluaciones de respeto y deber. No se describen manifestaciones físicas o sensaciones corporales, por lo que la dominancia se identifica como cognoscitiva.",Alta,"El discurso menciona un juramento de fidelidad a la constitución nacional, un acto solemne que implica una profunda reverencia hacia la ley y la patria. La referencia a un compromiso de vida entera de servicio a la nación refuerza la intensidad de la emoción, indicando un sentimiento fuerte y expresado con solemnidad.",juramento de fidelidad a la constitución nacional,situacion,"El acto de tomar juramento ante la constitución nacional constituye una situación formal y solemne que provoca reverencia, ya que implica un compromiso profundo con la ley y la patria."
Afórico,"La solemnidad se caracteriza por un tono serio y reverente, sin una carga emocional positiva ni negativa marcada. En el discurso se describe la ceremonia con un tono solemne, reflejando una actitud de respeto y seriedad que se alinea con una emoción neutra, por lo tanto se clasifica como afórico.",DISCURSO_048_FR_014,Presidente Javier Milei,solemnidad,Cognoscitiva,"La emoción de solemnidad se manifiesta principalmente a través de juicios y evaluaciones conscientes del presidente al presenciar la ceremonia de entrega de sables y juramentos. El discurso enfatiza el significado simbólico del juramento y el compromiso de servicio a la nación, lo que indica una valoración cognitiva de la importancia del acto más que una manifestación física evidente. Por lo tanto, la dominancia se clasifica como cognoscitiva.",Alta,"El discurso describe una ceremonia formal de entrega de sables y juramentos con un tono solemne, resaltando el compromiso de una vida entera de servicio a la nación. El uso de expresiones como ""tomará juramento de fidelidad"" y la referencia a un compromiso permanente indican una emoción intensamente expresada y reverente, típica de la solemnidad en contextos ceremoniales. Por lo tanto, la intensidad de la emoción identificada se infiere como alta.",ceremonia de entrega de sables y juramentos,situacion,"La solemnidad se desencadena al presenciar la ceremonia formal de entrega de sables y juramentos, un evento que conlleva rituales y simbolismo que evocan respeto y solemnidad."
euforico,"La emoción de determinación expresada en el discurso implica un impulso positivo y resolutivo, caracterizado por entusiasmo y firmeza para cumplir con los preceptos citados. Este tono de motivación y energía positiva se alinea con la categoría eufórica, que engloba emociones de alegría, entusiasmo o satisfacción, aunque no necesariamente de euforia extrema. No se detectan elementos negativos ni neutros que sugieran disfórico, afórico o ambifórico.",DISCURSO_048_FR_015,Presidente Javier Milei,determinación,Cognoscitiva,"La emoción de determinación se manifiesta principalmente a través de juicios, evaluaciones y la intención de que los oficiales mantengan los principios de orden, valor y gloria. En el discurso no se observan indicios de manifestaciones corporales (gestos, sensaciones físicas) que sugieran una predominancia corporal; la referencia se centra en la voluntad y el mandato mental de recordar y grabar, lo que indica una dominancia cognoscitiva.",Alta,"El discurso utiliza imperativos fuertes (“recuerden”, “graben”) y enfatiza la importancia de memorizar los preceptos, reflejando una determinación firme y clara. La combinación de verbos de acción directa y la referencia a principios fundamentales indica una emoción intensamente expresada.",mandato de recordar y grabar los preceptos consignados en los tres vitrales de este techo,situacion,"El mandato que el presidente emite para que los oficiales recuerden y graben los preceptos de orden, valor y gloria constituye una situación concreta que desencadena su determinación de que los oficiales mantengan esos principios."
euforico,"La emoción de esperanza expresada en el discurso es positiva y motivadora, lo que la clasifica como eufórica según la tonalidad afectiva.",DISCURSO_048_FR_015,Presidente Javier Milei,esperanza,Cognoscitiva,"La emoción de esperanza se manifiesta principalmente a través de la instrucción cognitiva de recordar y grabar en la memoria los preceptos, lo que implica juicios, evaluaciones y pensamientos internos más que manifestaciones físicas.",Alta,"El presidente utiliza imperativos fuertes y una exhortación a internalizar valores, indicando una esperanza intensa de que los graduados adopten esos principios.","preceptos consignados en los tres vitrales de este techo: orden, valor y gloria",objeto,El presidente expresa esperanza al invitar a los graduados a recordar y grabar en su memoria los valores que están materialmente representados en los vitrales; la expectativa de que estos objetos inspiren la internalización futura de dichos valores es la fuente que desencadena la emoción de esperanza.
euforico,"El discurso expresa orgullo, un sentimiento positivo de satisfacción y orgullo por la tradición militar y los valores de orden, valor y gloria. La expresión de orgullo se alinea con la tonalidad afectiva eufórica, caracterizada por alegría, entusiasmo y satisfacción.",DISCURSO_048_FR_015,Presidente Javier Milei,orgullo,Cognoscitiva,"El discurso enfatiza juicios y evaluaciones sobre los valores de orden, valor y gloria, resaltando la importancia del día y la tradición militar. No se mencionan manifestaciones físicas o sensaciones corporales, por lo que la emoción de orgullo se manifiesta principalmente en el ámbito cognitivo.",Alta,"El discurso utiliza un lenguaje imperativo y evocador (“recuerden bien este día”, “graben en su memoria”) junto con la exaltación de valores fundamentales (“orden, valor y gloria”). La combinación de un llamado a la acción, la referencia a la tradición militar y la expresión de orgullo por la identidad y la historia sugiere una manifestación de la emoción de orgullo con alta intensidad.",el día,situacion,"El discurso invita a recordar bien este día, lo que constituye una situación concreta que provoca orgullo en el presidente al conmemorar la importancia de los valores de orden, valor y gloria."
aforico,"La reverencia expresa un respeto solemne y una admiración profunda sin manifestar una alegría explícita ni un malestar. Su tono es más bien neutro en cuanto a polaridad afectiva, por lo que se clasifica como afórico según la ontología proporcionada.",DISCURSO_048_FR_015,Presidente Javier Milei,reverencia,Cognoscitiva,"El discurso enfatiza la importancia histórica y la necesidad de recordar el día, lo que implica juicios y evaluaciones mentales sobre su significado. No se mencionan manifestaciones físicas o sensaciones corporales, por lo que la emoción de reverencia se manifiesta principalmente en el dominio cognitivo.",Alta,"El discurso emplea un tono solemne y exhorta a los oyentes a ""recuerden bien este día"" y a ""graben en su memoria"" los preceptos de orden, valor y gloria. El uso de verbos imperativos, la referencia a la importancia histórica y la evocación de valores trascendentales generan una reverencia intensa y claramente expresada, lo que indica una intensidad alta.",el día de la ceremonia,situacion,"El llamado a recordar bien este día muestra reverencia por la ocasión y la importancia histórica del evento, por lo que el día mismo actúa como fuente de la emoción."
aforico,"La emoción de determinación se caracteriza por una actitud resolutiva y orientada a la acción sin una carga emocional positiva o negativa evidente, por lo que se clasifica como afórica.",DISCURSO_048_FR_016,Presidente Javier Milei,determinación,Cognoscitiva,"La expresión ""son el norte para una vida al servicio de la patria"" refleja una decisión firme y un compromiso mental de seguir esa dirección, caracterizando la determinación principalmente como un juicio o evaluación interna, sin indicios explícitos de manifestaciones corporales.",Baja,"El discurso presenta la determinación de manera declarativa y sin intensificadores verbales o adverbiales que aumenten la fuerza emocional. La metáfora del ""norte"" indica dirección y propósito, pero la expresión es moderada y no se percibe como una exaltación extrema, lo que sugiere una intensidad baja de la emoción.",el ejército,actor,"El presidente describe al ejército como el norte, lo que sugiere que la institución militar actúa como guía y motivación para la determinación de seguir esa dirección y cumplir la misión."
euforico,"El orgullo es una emoción positiva que expresa satisfacción y admiración, por lo que se clasifica como eufórico.",DISCURSO_048_FR_016,Presidente Javier Milei,orgullo,Cognoscitiva,"El orgullo expresado por el presidente se fundamenta en una valoración positiva y una apreciación intelectual de las fuerzas armadas como guía norte para una vida de servicio a la patria. No se observan indicios de manifestaciones físicas o sensaciones corporales, por lo que la dominancia se ubica en el ámbito cognoscitivo.",Alta,"El enunciado utiliza la metáfora de ""el norte"" para describir al ejército como guía esencial para una vida de servicio a la patria, lo que denota un sentimiento de orgullo fuerte y claramente expresado por el presidente. La elección de palabras y la atribución de un papel central refuerzan la intensidad alta de la emoción.",las fuerzas armadas,actor,"El presidente Milei expresa orgullo al referirse al ejército como el norte que guía una vida de servicio a la patria, lo que indica que la fuente de su orgullo es el grupo de las fuerzas armadas."
Eufórico,"El discurso expresa un sentimiento de orgullo y entusiasmo por servir a la patria, lo cual se interpreta como una emoción de tono positivo y alegría, caracterizando así la emoción de patriotismo como eufórica.",DISCURSO_048_FR_016,Presidente Javier Milei,patriotismo,Cognoscitiva,"El discurso expresa una valoración y juicio sobre la dirección y el propósito de la vida en servicio a la patria, sin mencionar manifestaciones físicas o sensaciones corporales. Por lo tanto, la emoción de patriotismo se manifiesta principalmente en el ámbito cognitivo.",Alta,"El discurso emplea una metáfora fuerte (“el norte”) y una llamada directa al servicio de la patria, lo que indica un sentimiento de patriotismo intensamente expresado.",la patria,espacio,"El presidente menciona explícitamente el servicio a la patria, lo que indica que la propia nación (el concepto de patria) es la fuente que provoca el sentimiento de patriotismo."
Eufórico,"El enunciador expresa certeza y confianza, lo que indica un tono positivo y de satisfacción, característico de una emoción eufórica.",DISCURSO_048_FR_017,Presidente Javier Milei,confianza,cognoscitiva,"La expresión ""no tengo duda"" refleja un juicio interno de certeza y confianza, sin indicios de manifestaciones físicas o sensaciones corporales. Por lo tanto, la dominancia de la emoción es cognoscitiva.",Alta,"El enunciador expresa una certeza absoluta con la frase ""no tengo duda"", lo que indica una confianza muy fuerte y una expectativa de éxito. Esta expresión de convicción sin reservas sugiere una intensidad alta de la emoción de confianza.",los graduados,actor,"El presidente expresa su confianza en que, al seguir a los graduados, lograrán que todos los argentinos de bien se sientan orgullosos de ellos. La fuente de esa confianza es la acción futura de los graduados, quienes son los actores que producirán el resultado esperado."
Eufórico,"La expresión de esperanza en el discurso muestra una expectativa positiva y optimista sobre el futuro, lo que se alinea con la tonalidad afectiva eufórica. El hablante transmite entusiasmo y confianza en que los graduados lograrán generar orgullo entre los argentinos, caracterizando así una emoción de tono positivo y alegre.",DISCURSO_048_FR_017,Presidente Javier Milei,esperanza,cognoscitiva,"La expresión de esperanza se manifiesta a través de una expectativa futura y un juicio positivo sobre el resultado (que los graduados harán que los argentinos se sientan orgullosos). No se observan indicios de manifestaciones corporales o sensaciones físicas; la emoción se basa principalmente en la evaluación y el pensamiento, lo que indica una dominancia cognoscitiva.",Alta,"El enunciador expresa una expectativa optimista y segura de que los graduados lograrán que los argentinos se sientan orgullosos, usando la frase ""no tengo duda"" que indica una confianza firme y una actitud esperanzada fuerte. Esta combinación de certeza y optimismo sugiere una intensidad alta de la emoción de esperanza.",los graduados,actor,"El presidente expresa esperanza basada en la expectativa de que los graduados, al cumplir con sus responsabilidades, lograrán que los argentinos se sientan orgullosos. La fuente de la emoción es, por tanto, el grupo de graduados, quienes son los actores que desencadenan la esperanza."
euforico,"El enunciador expresa orgullo al reconocer la importancia del momento histórico, lo que implica una valoración positiva y de satisfacción, caracterizando la emoción como eufórica.",DISCURSO_048_FR_018,Presidente Javier Milei,orgullo,Cognoscitiva,"El enunciado muestra una evaluación cognitiva del momento histórico, reconociendo su significado especial y generando orgullo basado en juicios y pensamientos sobre la importancia del país, sin indicios de manifestaciones corporales.",Alta,"El discurso del presidente Javier Milei reconoce explícitamente que el momento histórico que atraviesa el país “carga nuestras acciones y compromisos de un significado especial”, lo cual implica un reconocimiento profundo de la importancia y el valor del país. Este reconocimiento se traduce en un sentimiento de orgullo que se expresa con fuerza y convicción, típico de una emoción de alta intensidad. Además, el contexto de un discurso presidencial sobre un hito histórico refuerza la intensidad del orgullo expresado.",el momento histórico que estamos atravesando como país,situacion,"El sentimiento de orgullo se desencadena al reconocer la importancia y el significado especial del momento histórico que el país está viviendo, lo cual constituye una situación externa que provoca la emoción."
aforico,"La emoción de responsabilidad se percibe como neutra, sin polaridad positiva o negativa clara, por lo que se clasifica como afórico.",DISCURSO_048_FR_018,Presidente Javier Milei,responsabilidad,Cognoscitiva,"La expresión de responsabilidad se manifiesta principalmente a través de juicios y evaluaciones sobre la importancia del momento histórico y la necesidad de actuar con compromiso. No se observan indicios de manifestaciones corporales o sensaciones físicas, por lo que la dominancia se clasifica como cognoscitiva.",Baja,"El enunciado expresa una responsabilidad sin un tono emocional fuerte, simplemente reconoce la importancia del momento histórico y la necesidad de actuar con responsabilidad, lo que indica una intensidad baja.",el momento histórico que estamos atravesando como país,situacion,"El presidente señala que el contexto histórico actual impone un significado especial a las acciones y compromisos, lo que genera la emoción de responsabilidad como respuesta a esa situación"
Eufórico,"El discurso muestra determinación y entusiasmo al enfatizar el esfuerzo colectivo para revertir una realidad miserable, lo que indica una tonalidad positiva y de satisfacción.",DISCURSO_048_FR_019,Presidente Javier Milei,determinación,Cognoscitiva,"El discurso enfatiza el esfuerzo colectivo y la acción deliberada para revertir una realidad percibida como miserable, lo que indica una evaluación y decisión mental de cambiar la situación. No se mencionan manifestaciones físicas ni sensaciones corporales, por lo que la dominancia se ubica en el ámbito cognoscitivo.",Alta,"El discurso enfatiza un esfuerzo colectivo sostenido y la superación de una realidad miserable impuesta por la casta política, lo que indica una determinación firme y activa. La referencia a ""con esfuerzo"" y a la reversión de la situación a lo largo del año sugiere una emoción intensamente expresada y orientada a la acción, característica de una alta intensidad.",la casta política,actor,"El sentimiento de determinación surge como respuesta a la imposición de una realidad miserable por parte de la casta política, lo que impulsa la acción colectiva para revertirla."
euforico,"La emoción de esperanza implica una expectativa positiva y optimista sobre el futuro. En el discurso se expresa que ""hemos comenzado a revertir"" la situación, lo que denota un cambio favorable y la creencia de que las cosas mejorarán. Este tono positivo y entusiasta corresponde al carácter eufórico según la ontología y las heurísticas de inferencia de foria.",DISCURSO_048_FR_019,Presidente Javier Milei,esperanza,Cognoscitiva,"El enunciado expresa esperanza a través de una evaluación cognitiva de la situación: se reconoce que la realidad miserable impuesta por la casta política está siendo revertida con esfuerzo. No se mencionan manifestaciones físicas ni sensaciones corporales, por lo que la emoción se manifiesta principalmente en juicios y pensamientos.",Baja,"El enunciado expresa esperanza de forma moderada, indicando un progreso con esfuerzo sin usar adjetivos intensos, por lo que la intensidad se considera baja.",la reversión de la realidad miserable impuesta por la casta política,situacion,"El sentimiento de esperanza se desencadena por el hecho concreto de que, con esfuerzo, se ha empezado a revertir la realidad miserable que la casta política impuso a los argentinos, lo cual constituye una situación de cambio positivo que genera la emoción."
Disfórico,"La emoción identificada es frustración, la cual se caracteriza por un tono negativo de malestar y descontento ante una situación percibida como injusta o limitante. En el discurso, Milei expresa descontento al señalar que la casta política ha impuesto una realidad miserable durante demasiado tiempo, lo que indica claramente una valoración negativa y de malestar, por lo que la foria correspondiente es disfórica.",DISCURSO_048_FR_019,Presidente Javier Milei,frustración,Cognoscitiva,"El discurso de Milei expresa frustración al evaluar la prolongada imposición de una realidad miserable por parte de la casta política. La manifestación de la emoción se centra en juicios y evaluaciones cognitivas sobre la duración y la injusticia de la situación, sin indicios explícitos de manifestaciones corporales o sensaciones físicas. Por lo tanto, la dominancia de la emoción identificada es cognoscitiva.",Alta,"El discurso utiliza adverbios y adjetivos que intensifican la frustración: ""por demasiado tiempo"" y ""realidad miserable"" indican una queja fuerte y prolongada contra la casta política. La combinación de estos elementos sugiere una expresión de frustración de alta intensidad.",la casta política,actor,"El presidente Milei expresa frustración por la prolongada imposición de una realidad miserable a los argentinos por parte de la casta política, identificando a este grupo como la fuente de su frustración."
Disfórico,"El enunciador expresa indignación al afirmar que la casta política impuso una realidad miserable a los argentinos, lo cual es una emoción negativa y de malestar.",DISCURSO_048_FR_019,Presidente Javier Milei,indignación,Cognoscitiva,"El discurso expresa indignación al afirmar que la casta política impuso una realidad miserable a los argentinos, lo cual implica un juicio evaluativo de injusticia y una reflexión sobre la situación. No se mencionan manifestaciones físicas o sensaciones corporales, por lo que la emoción se manifiesta principalmente en el dominio cognitivo.",Alta,"El enunciado expresa una fuerte condena hacia la casta política, usando términos como ""miserable"" y ""impuso"" y enfatizando la duración con ""por demasiado tiempo"", lo que indica una indignación intensa y no moderada.",la casta política,actor,"El enunciador expresa indignación al afirmar que la casta política impuso una realidad miserable a los argentinos, por lo que la fuente de la emoción es la casta política."
Disfórico,"La expresión de indignación implica una reacción moral negativa y de malestar frente a la acción descrita. El uso de términos como ""legados nefastos"" y la condena explícita de la fractura entre la política y las fuerzas armadas revelan una tonalidad afectiva claramente desfavorable, lo que corresponde al carácter disfórico según la ontología y las heurísticas proporcionadas.",DISCURSO_048_FR_020,Presidente Javier Milei,indignación,Cognoscitiva,"El enunciado expresa una fuerte valoración moral y juicio crítico al describir los legados de la casta como ""nefastos"" y al señalar que han fracturado la relación con las fuerzas armadas. No se menciona ninguna manifestación física, sensación corporal ni gesto, por lo que la emoción de indignación se manifiesta principalmente a través de juicios y evaluaciones cognitivas.",Alta,"El enunciado utiliza calificativos fuertes como ""legados nefastos"" y expresa una condena directa a la casta, señalando que han fracturado la relación con las fuerzas armadas. La combinación de un lenguaje moralmente cargado y la acusación explícita indica una reacción de indignación intensa y no apenas leve o ambivalente.",la casta,actor,"El enunciador condena a la casta como ""legados nefastos"" y señala que han fracturado la relación con las fuerzas armadas, provocando indignación."
Disfórico,"La frase expresa descontento y enojo al afirmar que la casta ha fracturado la relación entre la política y las fuerzas armadas, lo que indica una emoción negativa y de malestar, caracterizando la ira como disfórica.",DISCURSO_048_FR_020,Presidente Javier Milei,ira,Cognoscitiva,"La frase expresa una evaluación crítica y un juicio sobre la acción de la casta, señalando que ha fracturado la relación entre la política y las fuerzas armadas. No se mencionan manifestaciones físicas ni sensaciones corporales, por lo que la emoción de ira se manifiesta principalmente a través de la cognición (juicio, valoración y crítica).",Alta,"La frase emplea términos cargados de condena como ""nefastos"" y describe una ruptura profunda entre la política y las fuerzas armadas, lo que indica un enojo intenso y directo hacia la casta. El tono crítico y la acusación explícita sugieren una expresión de ira con alta intensidad.",la casta,actor,"El sentimiento de ira se origina en la acusación de que la casta ha fracturado la relación entre la política y las fuerzas armadas, por lo que la casta es la entidad que provoca la emoción."
Disfórico,"La frase expresa una pérdida de años valiosos y una crítica a la falta de apoyo político, lo que indica un tono negativo y de malestar característico de la emoción de decepción.",DISCURSO_048_FR_021,Presidente Javier Milei,Decepción,Cognoscitiva,"El discurso menciona la pérdida de años valiosos y la falta de apoyo político, lo que implica una valoración negativa y una evaluación de resultados. No se hace referencia a sensaciones físicas, por lo que la emoción se manifiesta principalmente en juicios y evaluaciones, lo que indica dominancia cognoscitiva.",Alta,"El discurso expresa una fuerte sensación de decepción al señalar que la falta de apoyo político resultó en la pérdida de años valiosos para el desarrollo militar, lo cual implica un impacto significativo y una reacción emocional intensa. La referencia a ""años valiosos"" y la crítica directa a la casta política refuerzan la intensidad alta de la emoción.",el grupo político que habla de soberanía pero desprestigia y diferencia a las fuerzas militares,actor,"La decepción se origina en la acción de los políticos que, a pesar de proclamarse defensores de la soberanía, actúan desprestigiando y diferenciando a las fuerzas militares, lo que provocó la pérdida de años valiosos en el desarrollo de las capacidades militares."
Disfórico,"La expresión de frustración implica un tono negativo, señalando pérdida de tiempo y recursos, lo que corresponde a una emoción de malestar o desagrado, caracterizada como disfórica.",DISCURSO_048_FR_021,Presidente Javier Milei,Frustración,Cognoscitiva,"El enunciado expresa frustración a través de una evaluación cognitiva: el hablante lamenta la pérdida de años valiosos en el desarrollo militar, calificando la acción de la casta política como causa de esa pérdida. No se mencionan manifestaciones físicas o sensaciones corporales, por lo que la dominancia se identifica como cognoscitiva.",Alta,"El enunciado expresa una frustración marcada por la pérdida de tiempo y recursos, enfatizando que ""eso nos hizo perder años valiosos"". La referencia a años valiosos y la crítica directa a la casta política indican una emoción intensamente expresada y no apenas sutil, lo que sugiere una intensidad alta.",los mismos que se llenaban la boca hablando de soberanía,actor,"El frustrado presidente Javier Milei atribuye la pérdida de años valiosos en el desarrollo militar a las acciones de los políticos que, a pesar de hablar de soberanía, se dedicaron a desprestigiar y diferenciar a las fuerzas armadas. Estas personas son la fuente directa de la frustración expresada."
disforico,"La indignación expresada por el presidente Javier Milei refleja una reacción de malestar y desagrado ante la hipocresía percibida, lo que indica una tonalidad afectiva negativa típica de emociones disfóricas.",DISCURSO_048_FR_021,Presidente Javier Milei,Indignación,Cognoscitiva,"El discurso se centra en juicios y evaluaciones críticas sobre la hipocresía y la injusticia percibida, sin mencionar manifestaciones físicas o sensaciones corporales. La indignación se expresa principalmente a través de la valoración de la conducta de los demás y la consecuencia negativa para el desarrollo militar, lo que indica una dominancia cognoscitiva.",Alta,"El discurso muestra indignación fuerte al denunciar la hipocresía de quienes, a pesar de hablar de soberanía, desprestigian y diferencian a las fuerzas, provocando la pérdida de años valiosos en el desarrollo militar. El uso de verbos fuertes como ""desprestigiar"", ""diferenciar"" y la referencia a la pérdida de recursos y tiempo refuerza la intensidad alta de la emoción.",los mismos que se llenaban la boca hablando de soberanía,actor,"La indignación surge al criticar a las personas que, a pesar de proclamarse defensores de la soberanía, se dedicaron a desprestigiar y diferenciar a las fuerzas militares, provocando la pérdida de años valiosos en su desarrollo."
disforico,"El sentimiento de resentimiento expresado en el discurso es una emoción negativa, marcada por malestar y desagrado hacia los responsables de la conducta descrita. Por lo tanto, se clasifica como disfórico.",DISCURSO_048_FR_021,Presidente Javier Milei,Resentimiento,Cognoscitiva,"El discurso expresa un juicio crítico y evaluativo sobre la conducta de los interlocutores, señalando que su desprestigio de las fuerzas causó pérdidas de tiempo y recursos. No se menciona ninguna manifestación física o sensación corporal, por lo que la emoción de resentimiento se manifiesta principalmente a través de la cognición (juicios, evaluaciones e interpretaciones).",Alta,"El discurso presenta un tono crítico y acusatorio, con la frase ""se dedicaron a desprestigiar y diferenciar a nuestras fuerzas"" y la consecuencia de ""perder años valiosos"". La acusación directa y la referencia a pérdidas significativas indican una expresión fuerte de resentimiento, lo que sugiere una intensidad alta.",los políticos que hablan de soberanía y desprestigian las fuerzas,actor,"El sentimiento de resentimiento surge por la conducta de los políticos que, a pesar de prometer soberanía, se dedicaron a desprestigiar y diferenciar a las fuerzas armadas, provocando la pérdida de años valiosos en su desarrollo."
euforico,"El uso de la expresión ""por suerte"" y la afirmación de que no lograron destruir el afecto persistente de la sociedad por las fuerzas armadas indica que el presidente siente alivio por la preservación de ese valor, lo cual se interpreta como una emoción de tono positivo y satisfacción, caracterizando un estado eufórico.",DISCURSO_048_FR_022,Presidente Javier Milei,Alivio,Cognoscitiva,"El presidente expresa alivio mediante la valoración positiva de que el afecto persistente no fue destruido, usando la expresión 'por suerte', lo cual indica una evaluación cognitiva de la situación, sin indicios de manifestaciones corporales.",Baja,"El uso de la expresión ""por suerte"" indica un alivio leve y no se emplean adjetivos o verbos que intensifiquen la emoción. La frase sugiere una sensación de alivio moderada por la preservación del afecto, sin un tono de euforia o gran sorpresa que caracterizaría una intensidad alta.",el intento de destruir el afecto persistente de la sociedad por las fuerzas armadas argentinas,situacion,El alivio del presidente surge porque la situación de que un grupo intentó destruir el afecto persistente de la sociedad por las fuerzas armadas argentinas no tuvo éxito; la preservación de ese valor es la circunstancia externa que desencadena la emoción.
euforico,"El discurso expresa un sentimiento de alivio al dejar atrás una ""triste página"" y comenzar a escribir una nueva con respeto y reconocimiento. La tonalidad es claramente positiva, con entusiasmo y satisfacción por el cambio, lo que corresponde a la categoría eufórica según la ontología y las heurísticas de inferencia.",DISCURSO_048_FR_023,Presidente Javier Milei,Alivio,Cognoscitiva,"El discurso enfatiza la evaluación mental de superar una etapa triste y comenzar una nueva, sin mencionar manifestaciones físicas. La emoción de alivio se presenta principalmente como un juicio positivo sobre el cambio de situación, lo que indica dominancia cognoscitiva.",Alta,"El discurso emplea verbos decisivos como ""dando vuelta"" y ""comenzamos a escribir una nueva"", que indican una acción concreta y positiva para dejar atrás una ""triste página"". Esta expresión de alivio es fuerte y clara, lo que sugiere una intensidad alta de la emoción.",dar vuelta a la página triste de la historia,situacion,"El alivio surge al dejar atrás la tristeza de la página histórica y comenzar una nueva, lo que constituye una situación que alivia el sentimiento de tristeza."
Eufórico,"El enunciador muestra determinación al afirmar que están comenzando a escribir una nueva página, lo cual implica una actitud positiva y entusiasta hacia el futuro, caracterizando una emoción eufórica.",DISCURSO_048_FR_023,Presidente Javier Milei,Determinación,Cognoscitiva,"El enunciado muestra una intención y juicio de acción futura, sin indicios de manifestaciones corporales, por lo que la dominancia es cognoscitiva.",Alta,"El enunciado expresa una firme resolución de cambiar la historia y afirmar que las fuerzas del hablante merecen respeto y reconocimiento, lo cual indica una determinación intensa y claramente manifestada.",la situación de dar vuelta la triste página de la historia y comenzar a escribir una nueva,situacion,"El sentimiento de determinación surge de la circunstancia concreta de superar una página triste de la historia y emprender la escritura de una nueva, lo cual constituye una situación que impulsa la emoción."
euforico,"El discurso expresa esperanza y optimismo al afirmar que están ""dando vuelta esta triste página"" y ""comenzamos a escribir una nueva"" con respeto y reconocimiento. La tonalidad es claramente positiva, llena de entusiasmo y satisfacción por el futuro, lo que corresponde a la categoría eufórica.",DISCURSO_048_FR_023,Presidente Javier Milei,Esperanza,cognoscitiva,"La frase expresa una expectativa positiva sobre el futuro y una valoración favorable de las acciones y resultados, lo que indica que la emoción de esperanza se manifiesta principalmente a través de juicios, evaluaciones y pensamientos, característicos de la dominancia cognoscitiva.",Baja,"El enunciado muestra esperanza al referirse a una nueva página y al reconocimiento de las fuerzas, pero no utiliza adverbios o verbos intensos; la expresión es optimista pero moderada, por lo que la intensidad se considera baja.",la nueva página que están escribiendo,objeto,"El sentimiento de esperanza surge al referirse a la creación de una nueva página de la historia, que simboliza un futuro mejor y la posibilidad de cambio positivo."
euforico,"El discurso expresa un tono positivo y esperanzador al afirmar que se está ""dando vuelta esta triste página"" y comenzando a escribir una nueva, donde las fuerzas reciben el respeto y reconocimiento que merecen. La referencia a un futuro mejor y la celebración de logros generan alegría y entusiasmo, características típicas de una emoción eufórica.",DISCURSO_048_FR_023,Presidente Javier Milei,Optimismo,Cognoscitiva,"El optimismo expresado en el discurso se basa principalmente en juicios y evaluaciones positivas sobre el futuro (“estamos dando vuelta esta triste página…comenzamos a escribir una nueva”), sin indicios de manifestaciones físicas o gestos. Por lo tanto, la dominancia de la emoción es cognoscitiva.",Alta,"El discurso emplea verbos activos y positivos como ""dando vuelta"" y ""comenzamos a escribir"", junto con la referencia a una nueva página y el reconocimiento de las fuerzas, lo que indica un optimismo fuerte y decidido. La ausencia de matices negativos o dudas refuerza la intensidad alta de la emoción.",la página de la historia,situacion,"El optimismo se desencadena por la situación de dar vuelta la triste página de la historia y comenzar a escribir una nueva, lo que representa un cambio positivo y esperanzador."
euforico,"El enunciado expresa orgullo y satisfacción al afirmar que sus fuerzas reciben el respeto y reconocimiento que merecen, lo cual refleja una tonalidad afectiva positiva y entusiasta, característica de la emoción eufórica.",DISCURSO_048_FR_023,Presidente Javier Milei,Orgullo,Cognoscitiva,"El enunciado expresa orgullo a través de juicios y evaluaciones sobre el respeto y reconocimiento que merecen las fuerzas, sin indicios de manifestaciones corporales, por lo que la dominancia es cognoscitiva.",Alta,"El enunciado emplea verbos activos y afirmaciones de logro (“estamos dando vuelta”, “comenzamos a escribir una nueva”) junto con la expresión de reconocimiento y merecimiento de sus fuerzas. El tono es afirmativo y celebratorio, típico de un orgullo con fuerza expresiva, lo que indica una intensidad alta.",el respeto y reconocimiento que reciben sus fuerzas,situacion,"El orgullo del presidente surge de la situación concreta en la que sus fuerzas obtienen el respeto y reconocimiento que consideran merecidos, lo cual constituye un evento externo que desencadena la emoción."
euforico,"El enunciado expresa una sensación de satisfacción y orgullo al afirmar que sus fuerzas reciben el respeto y reconocimiento que merecen, lo cual refleja un tono positivo y alegre, característico de una emoción eufórica.",DISCURSO_048_FR_023,Presidente Javier Milei,Satisfacción,Cognoscitiva,"La expresión de satisfacción se centra en la valoración y reconocimiento de un logro político: ""estamos dando vuelta esta triste página"" y ""nuestras fuerzas tienen el respeto y el reconocimiento que se merecen"". No se menciona ninguna manifestación física o sensorial, por lo que la emoción se manifiesta principalmente a través de juicios y evaluaciones cognitivas.",Alta,"El enunciado expresa una satisfacción fuerte y orgullosa al afirmar que sus fuerzas están recibiendo el respeto y reconocimiento que merecen, lo cual indica una emoción intensamente expresada dentro del contexto político y de cambio histórico.",el respeto y reconocimiento que reciben nuestras fuerzas,situacion,"El presidente siente satisfacción al afirmar que sus fuerzas están recibiendo el respeto y reconocimiento que merecen, lo cual constituye la situación que desencadena la emoción."
Eufórico,"El discurso expresa una expectativa positiva y optimista sobre la relación entre las fuerzas armadas y la política, lo que indica un tono de esperanza y entusiasmo, característico de una emoción eufórica.",DISCURSO_048_FR_024,Presidente Javier Milei,esperanza,Cognoscitiva,"La frase expresa una expectativa positiva y una valoración favorable del futuro, sin indicios de manifestaciones físicas, lo que indica que la emoción de esperanza se manifiesta principalmente a nivel cognitivo.",Neutra/Ambivalente,"El enunciado ""estamos reconciliando las fuerzas armadas con la política"" expresa una expectativa positiva (esperanza) sobre el futuro de la relación entre las fuerzas armadas y la política, pero no contiene adverbios, verbos intensificadores ni un tono emocional fuerte que sugiera una emoción intensamente expresada. Por lo tanto, la intensidad de la emoción se considera neutra o ambivalente, ya que la esperanza se presenta de manera moderada y sin indicios de una carga emocional elevada.",la reconciliación de las fuerzas armadas con la política,situacion,La esperanza surge de la expectativa positiva de que la reconciliación entre las fuerzas armadas y la política generará resultados favorables para el futuro.
Eufórico,"El discurso expresa una visión positiva y optimista al afirmar la reconciliación entre las fuerzas armadas y la política, lo que indica un tono de alegría, entusiasmo y satisfacción característico de una emoción eufórica.",DISCURSO_048_FR_024,Presidente Javier Milei,optimismo,Cognoscitiva,"El optimismo se manifiesta en la valoración positiva y la expectativa de mejora que el presidente expresa al afirmar que se están reconcilando las fuerzas armadas con la política. No se mencionan manifestaciones físicas ni gestos, por lo que la emoción se basa principalmente en juicios y evaluaciones cognitivas.",Baja,"El discurso menciona la reconciliación sin usar adverbios intensificadores ni expresiones emocionales fuertes; la afirmación es una declaración informativa y positiva, lo que sugiere una expresión de optimismo de intensidad baja.",reconciliación de las fuerzas armadas con la política,situacion,"El optimismo del presidente surge de la percepción de que la reconciliación entre las fuerzas armadas y la política es un evento positivo que mejora la estabilidad y la gobernabilidad, generando una visión optimista."
euforico,"La emoción identificada es orgullo, la cual se caracteriza por una sensación de satisfacción y logro. Este sentimiento positivo y de entusiasmo se alinea con la definición de eufórico, ya que implica alegría y satisfacción ante la acción de reconciliar las fuerzas armadas con la política.",DISCURSO_048_FR_024,Presidente Javier Milei,orgullo,Cognoscitiva,"El sentimiento de orgullo se manifiesta principalmente a través de juicios y evaluaciones internas sobre la acción de reconciliar las fuerzas armadas con la política. No se observan indicios de manifestaciones físicas o gestos que sugieran una dominancia corporal; la emoción se centra en la valoración positiva y el reconocimiento de un logro, lo que indica una dominancia cognoscitiva.",Baja,"El enunciado es una declaración directa y sin adverbios o intensificadores que aumenten la fuerza emocional. La expresión de orgullo se presenta de manera moderada, simplemente afirmando una acción positiva sin enfatizarla de forma exagerada, lo que sugiere una intensidad baja.",reconciliación de las fuerzas armadas con la política,situacion,"El sentimiento de orgullo se origina en la acción de reconciliar las fuerzas armadas con la política, un evento positivo que el presidente percibe como logro y avance."
euforico,"La emoción de satisfacción se interpreta como positiva, por lo que se clasifica como eufórico.",DISCURSO_048_FR_024,Presidente Javier Milei,satisfacción,Cognoscitiva,"La frase expresa una valoración positiva y una percepción de logro por parte del presidente, lo que indica que la emoción de satisfacción se manifiesta principalmente a través de juicios y evaluaciones cognitivas, sin indicios de manifestaciones corporales explícitas en el contexto proporcionado.",Neutra/Ambivalente,"El discurso no contiene adverbios, adjetivos ni verbos que intensifiquen la emoción de satisfacción; la frase simplemente indica un proceso de reconciliación sin expresiones de júbilo extremo o de descontento. En ausencia de señales de intensidad, se infiere una emoción de satisfacción de carácter neutro o ambivalente.",el proceso de reconciliación de las fuerzas armadas con la política,situacion,"La satisfacción del presidente surge del hecho de que se está llevando a cabo la reconciliación entre las fuerzas armadas y la política, una situación que se percibe como positiva y satisfactoria."
Eufórico,"El discurso expresa una confianza positiva y de seguridad en la capacidad del gobierno para cumplir con sus promesas, lo que se interpreta como una tonalidad afectiva de satisfacción y entusiasmo, característicos de la categoría eufórica.",DISCURSO_048_FR_025,Presidente Javier Milei,confianza,Cognoscitiva,"El discurso expresa una evaluación de confianza en la capacidad del gobierno para apoyar y jerarquizar las fuerzas, lo que implica un juicio y una creencia interna. No se mencionan manifestaciones físicas ni sensaciones corporales, por lo que la dominancia se ubica en el dominio cognoscitivo.",Alta,"El enunciador utiliza verbos de compromiso y afirmación (“haciendo todo lo que esté a su alcance”, “los acompañará”) y expresa una convicción firme sobre la capacidad del gobierno para respaldar y jerarquizar las fuerzas. La expresión de confianza es directa y contundente, lo que indica una intensidad alta de la emoción.",el gobierno,actor,"El presidente expresa confianza en la capacidad del gobierno para acompañar y jerarquizar las fuerzas, lo que genera la emoción de confianza."
Eufórico,"La expresión ""hará todo lo que esté a su alcance"" refleja una actitud decidida y comprometida, caracterizada por entusiasmo y una fuerte voluntad de lograr objetivos. Este tono positivo y de energía activa se alinea con la definición de eufórico, que engloba emociones de alegría, entusiasmo o satisfacción. En ausencia de indicios de malestar o neutralidad, la determinación se interpreta como una manifestación de eufórico.",DISCURSO_048_FR_025,Presidente Javier Milei,determinación,cognoscitiva,"La frase ""hará todo lo que esté a su alcance"" refleja una actitud de compromiso y decisión basada en juicios y planes futuros, sin indicios de manifestaciones físicas o sensaciones corporales. Por lo tanto, la dominancia de la emoción de determinación se interpreta como cognoscitiva.",Alta,"La frase ""hará todo lo que esté a su alcance"" expresa un compromiso firme y decidido, caracterizando una actitud de determinación intensa. El uso de la expresión completa y la promesa de acción total refuerzan la fuerza del sentimiento, lo que indica una intensidad alta en el contexto del discurso político.",el gobierno,actor,"La frase destaca que el gobierno acompañará y hará todo lo posible para jerarquizar las tres fuerzas, lo que constituye una promesa concreta y activa que impulsa la actitud de determinación del hablante."
Eufórico,"El discurso expresa una visión positiva y optimista sobre el futuro de la nueva camada de egresados, resaltando la presencia de un gobierno que los acompañará y hará todo lo posible para jerarquizar las fuerzas. El tono está cargado de esperanza, entusiasmo y confianza en un resultado favorable, lo que corresponde a la categoría eufórica según la ontología y las heurísticas de tonalidad afectiva.",DISCURSO_048_FR_025,Presidente Javier Milei,esperanza,Cognoscitiva,"El discurso expresa una expectativa positiva sobre el futuro y una valoración favorable de las acciones que el gobierno realizará, lo que indica una evaluación mental y una proyección de resultados esperanzadores. No se mencionan sensaciones físicas ni gestos corporales, por lo que la emoción de esperanza se manifiesta principalmente en el dominio cognitivo.",Alta,"El discurso expresa una expectativa positiva y optimista sobre el futuro de la nueva camada de egresados, resaltando la inmediatez de un apoyo gubernamental y la posibilidad de experimentar algo inédito. El uso de expresiones como ""será testigo de algo inédito"" y ""contarán con un gobierno que los acompañará y hará todo lo que esté a su alcance"" indica una emoción de esperanza con fuerza y convicción, lo que sugiere una intensidad alta.",el gobierno,actor,"El presidente Milei expresa esperanza al afirmar que los egresados contarán con un gobierno que los acompañará y hará todo lo posible, lo que constituye la fuente de la emoción."
Eufórico,"El discurso expresa una actitud optimista y de apoyo, con afirmaciones de que el gobierno acompañará y hará todo lo posible para respaldar a los egresados. El tono es positivo, esperanzador y entusiasta, lo que corresponde a la categoría eufórica según la ontología y las heurísticas de tonalidad afectiva.",DISCURSO_048_FR_025,Presidente Javier Milei,optimismo,Cognoscitiva,"El discurso expresa optimismo a través de juicios y expectativas positivas sobre el futuro: se habla de un gobierno que acompañará y hará todo lo posible para apoyar a los egresados, resaltando la idea de un resultado favorable y de honrar un legado. No se mencionan manifestaciones físicas ni sensaciones corporales, por lo que la emoción se manifiesta principalmente en la evaluación cognitiva de la situación.",Alta,"El discurso expresa un compromiso firme y positivo, con frases como ""hará todo lo que esté a su alcance"" y ""los acompañará"", que indican una actitud optimista y proactiva. La promesa de apoyo y la valoración del legado refuerzan la intensidad de la emoción, llevándola a un nivel alto.",el gobierno,actor,"El optimismo surge de la promesa de que el gobierno acompañará a los egresados y hará todo lo posible para jerarquizar las tres fuerzas, generando una expectativa positiva y de apoyo."
euforico,"El discurso expresa orgullo y satisfacción al honrar el legado de Roca y San Martín, lo que indica una tonalidad afectiva positiva y entusiasta, característica de la emoción eufórica.",DISCURSO_048_FR_025,Presidente Javier Milei,orgullo,Cognoscitiva,"El orgullo se expresa principalmente mediante juicios y evaluaciones sobre el legado militar (""honrando el legado que nos dejaron Roca y San Martín""), sin indicios de manifestaciones corporales explícitas, lo que indica una dominancia cognoscitiva.",Neutra/Ambivalente,"El discurso expresa orgullo al honrar el legado de Roca y San Martín, pero lo hace de manera moderada y sin un tono excesivamente exaltado. No se utilizan adjetivos o verbos que intensifiquen la emoción de forma extrema, por lo que la intensidad se percibe como neutra o ambivalente.",el legado de Roca y San Martín,experiencia,"El orgullo se desencadena al hacer referencia al legado histórico de Roca y San Martín, una memoria colectiva y experiencia nacional que el orador celebra y honra."
Disfórico,"El enunciador expresa preocupación por los desafíos que atraviesa la patria, lo cual indica un tono negativo de malestar y preocupación, característico de una emoción disfórica.",DISCURSO_048_FR_026,Presidente Javier Milei,concern,Cognoscitiva,"El discurso expresa preocupación mediante juicios y evaluaciones sobre los desafíos que enfrenta la patria, indicando la necesidad de preparación y responsabilidad. No se mencionan manifestaciones físicas ni sensaciones corporales, por lo que la dominancia de la emoción es cognoscitiva.",Baja,"El enunciado expresa preocupación por los desafíos de la patria, pero sin intensificadores ni lenguaje emocional fuerte; la expresión es más informativa que apasionada, lo que indica una intensidad baja.",los desafíos que atraviesa nuestra patria,situacion,"El sentimiento de preocupación se origina en la situación de los desafíos que enfrenta la patria, una circunstancia externa que provoca la emoción."
Afórico,"La emoción identificada es determinación, la cual se expresa como un impulso positivo de acción y responsabilidad sin connotaciones de alegría extrema ni de malestar. En el discurso se enfatiza la necesidad de coraje, decisión y responsabilidad, lo que indica un tono neutro en cuanto a polaridad emocional, por lo que se clasifica como afórico.",DISCURSO_048_FR_026,Presidente Javier Milei,determination,Cognoscitiva,"El discurso enfatiza la necesidad de decisiones, coraje y responsabilidad, lo que refleja un proceso cognitivo de evaluación y compromiso. No se mencionan manifestaciones físicas, por lo que la dominancia de la emoción de determinación se interpreta como cognoscitiva.",Alta,"El discurso utiliza verbos fuertes y imperativos como ""exigirá"", ""exigen"" y ""demandan"", junto con la exhortación a actuar con ""coraje, decisión y responsabilidad"", lo que indica una expresión de determinación intensa y un llamado urgente a la acción.",los desafíos que atraviesa nuestra patria,situacion,"Los desafíos externos que enfrenta la nación son la circunstancia que impulsa la determinación del presidente, generando la necesidad de prepararse y actuar con coraje, decisión y responsabilidad."
euforico,"El enunciador expresa orgullo por la historia y la identidad nacional, lo que indica una emoción positiva y de satisfacción, por lo tanto es eufórica.",DISCURSO_048_FR_027,Presidente Javier Milei,orgullo,Cognoscitiva,"El enunciador expresa orgullo al recordar la batalla de Caseros, un hito histórico argentino, lo que implica una valoración cognitiva de la identidad nacional y la historia, sin indicios de manifestaciones corporales explícitas.",Baja,"El enunciado menciona la batalla de Caseros como motivo de presencia, lo que indica orgullo, pero no utiliza adverbios, verbos ni expresiones exclamativas que intensifiquen la emoción. Por lo tanto, la intensidad se infiere como baja.",la batalla de Caseros,situacion,"El presidente menciona la batalla de Caseros, un hito histórico argentino, lo que genera orgullo por la historia y la identidad nacional."
Afórico,"El respeto se caracteriza por una valoración positiva sin la intensidad de alegría o entusiasmo, por lo que se clasifica como afórico.",DISCURSO_048_FR_027,Presidente Javier Milei,respet,Cognoscitiva,"El sentimiento de respeto se manifiesta principalmente a través de juicios y evaluaciones verbales (la referencia a la batalla de Caseros como lugar de conmemoración), sin indicios de manifestaciones corporales o gestos. Por lo tanto, la dominancia de la emoción identificada es cognoscitiva.",Baja,"El enunciado muestra respeto sin usar adjetivos o verbos intensos; la expresión es formal y moderada, indicando una emoción leve.",batalla de Caseros,situacion,"El sentimiento de respeto se origina al referirse a la batalla de Caseros, un evento histórico significativo, y a sus protagonistas, lo que constituye una situación que provoca la emoción."
euforico,"La frase ""prevalecer contra la tiranía rosista"" expresa una firme intención y voluntad de vencer, lo que refleja un tono positivo de entusiasmo y determinación. Este carácter positivo se alinea con la categoría eufórica, que engloba emociones de alegría, entusiasmo o satisfacción, aunque en este caso la emoción sea la determinación activa de superar una adversidad.",DISCURSO_048_FR_028,Presidente Javier Milei,determinación,cognoscitiva,"La frase expresa una firme intención y voluntad de vencer, reflejando juicios y evaluaciones de la situación (prevalecer contra la tiranía rosista). Aunque implica acción, la predominancia se centra en el aspecto cognitivo de la determinación, es decir, la decisión y el compromiso mental del orador.",Alta,"La frase emplea verbos de acción contundentes como ""prevalecer"" y un llamado directo a la acción frente a la ""tiranía rosista"", lo que indica una intención firme y activa. El contexto político y la referencia a un ""llamado histórico"" refuerzan la fuerza del mensaje, caracterizando una determinación con alta intensidad.",tiranía rosista,situacion,"La determinación del orador se desencadena por la presencia de la ""tiranía rosista"", una situación adversa que exige superar y prevalecer, motivando así la firme intención expresada."
Disfórico,"La indignación es una emoción negativa que expresa descontento, enojo y rechazo ante una injusticia. En el discurso se critica la ""tiranía rosista"", lo que indica un tono de malestar y desagrado, característico de la polaridad disfórica.",DISCURSO_048_FR_028,Presidente Javier Milei,indignación,cognoscitiva,"La indignación expresada por el presidente se fundamenta en juicios y evaluaciones sobre la injusticia de la ""tiranía rosista"", sin indicios de manifestaciones corporales o sensaciones físicas. Por lo tanto, la dominancia de la emoción es cognoscitiva.",Alta,"El discurso emplea un lenguaje fuerte y directo al referirse a la ""tiranía rosista"", una acusación explícita y cargada de moralidad. La frase invita a los camaradas a responder a un llamado histórico y a prevalecer contra dicha tiranía, lo que implica una postura crítica y de rechazo contundente. La combinación de la acusación de tiranía con la exhortación a la acción sugiere una indignación intensa y no simplemente leve o ambivalente.",tiranía rosista,actor,"El enunciador expresa indignación al referirse a la ""tiranía rosista"", señalando la acción de un grupo político (los Rosistas) como causa de la injusticia."
euforico,"El enunciador expresa orgullo y satisfacción por la misión cumplida, lo que indica un tono positivo y alegre, característico de una emoción eufórica.",DISCURSO_048_FR_028,Presidente Javier Milei,orgullo,Cognoscitiva,"El discurso enfatiza la valoración mental de la actuación de los camaradas, al referirse a un ""llamado histórico"" y a la necesidad de ""estar a la altura"" y ""prevalecer"". Estas expresiones reflejan juicios de mérito y logro, típicos de la dominancia cognoscitiva, más que manifestaciones físicas explícitas.",Alta,"El enunciador utiliza expresiones como ""llamado histórico"" y la exhortación a ""prevalecer contra la tiranía rosista"", lo que indica un orgullo fuerte y enfático por la misión y la capacidad de los oficiales. La carga retórica y la referencia a la altura de la tarea sugieren una emoción intensamente expresada, por lo que se clasifica como alta.",llamado histórico,situacion,"El orgullo se origina en la situación del llamado histórico y la necesidad de prevalecer contra la tiranía rosista, lo que genera un sentimiento de orgullo por la misión y la capacidad de los oficiales."
Eufórico,"El discurso expresa un deseo positivo y motivador de que la memoria inspire a los graduados a dar lo mejor de sí, lo cual refleja una tonalidad de esperanza y entusiasmo, característicos de una emoción eufórica.",DISCURSO_048_FR_029,Presidente Javier Milei,esperanza,Cognoscitiva,"El discurso expresa una expectativa positiva y una valoración motivacional: ""motive a dar lo mejor"" y la idea de que la memoria sea un modelo a seguir. Estas expresiones reflejan juicios y evaluaciones mentales sobre el futuro, sin indicios de manifestaciones físicas o sensaciones corporales. Por lo tanto, la dominancia de la emoción de esperanza se interpreta como cognoscitiva.",Baja,"El enunciado expresa una esperanza motivacional, pero sin adverbios ni intensificadores que indiquen una emoción fuerte. Se trata de un deseo moderado de que la memoria inspire a los graduados, lo que sugiere una intensidad baja según la heurística de que las expresiones de esperanza suelen ser leves o moderadas cuando no se acompañan de un lenguaje muy emotivo.",la memoria de la persona fallecida,experiencia,El enunciador expresa esperanza de que la memoria de la persona fallecida motive a los graduados; la memoria es un recuerdo previo que actúa como fuente de la emoción.
Eufórico,"El enunciador expresa confianza, una emoción positiva que se manifiesta con entusiasmo y satisfacción al afirmar que la nación cuenta con los oficiales egresados, indicando una valoración favorable y una expectativa de buen desempeño.",DISCURSO_048_FR_030,Presidente Javier Milei,confianza,Cognoscitiva,"El enunciado expresa una valoración positiva y una expectativa de desempeño de los oficiales egresados, lo que indica un juicio de confianza y creencia en su capacidad. No se mencionan manifestaciones físicas ni gestos, por lo que la emoción se manifiesta principalmente a nivel cognitivo.",Neutra/Ambivalente,"El enunciado expresa confianza en los oficiales egresados, pero lo hace de manera formal y directa sin recurrir a adjetivos o expresiones que intensifiquen la emoción. La frase transmite una valoración positiva y una expectativa de desempeño, pero sin un tono apasionado o exaltado, lo que sugiere una intensidad neutra o ambivalente.",la nación,actor,"El presidente expresa confianza al afirmar que la nación cuenta con los oficiales egresados, lo que indica que la confianza se origina en la expectativa y el respaldo de la nación hacia ellos."
aforico,"La emoción de confianza es positiva pero no implica alegría o entusiasmo explícito; se caracteriza por una postura neutral de seguridad, por lo que se clasifica como afórico según la ontología.",DISCURSO_048_FR_031,Presidente Javier Milei,confianza,Cognoscitiva,"El enunciado expresa una evaluación de confianza en la capacidad de la nación, basada en juicios de seguridad y respaldo. No se menciona manifestación física ni gestos, por lo que la emoción se manifiesta principalmente en el dominio cognitivo.",neutra_ambivalente,"El enunciado ""ustedes pueden contar con la nación"" expresa confianza de manera directa y sin adverbios o intensificadores que aumenten su fuerza. No hay elementos lingüísticos que sugieran una emoción intensamente expresada, por lo que la intensidad se considera neutra o ambivalente.",la nación,actor,"El presidente expresa confianza al afirmar que los oyentes pueden contar con la nación, lo que indica que la nación, como grupo colectivo, es la entidad que provoca la emoción de confianza."
euforico,"La mención expresa admiración, una emoción positiva que implica respeto y satisfacción hacia las fuerzas armadas. Dado que la admiración se asocia con un tono afectivo positivo y de reconocimiento, se clasifica como eufórico según la ontología de foria.",DISCURSO_048_FR_032,Presidente Javier Milei,admiración,Cognoscitiva,"El discurso expresa admiración mediante reconocimiento y valoración de la labor de las fuerzas armadas, sin indicios de manifestaciones físicas o sensaciones corporales, lo que indica una dominancia cognoscitiva.",Alta,"El discurso incluye una ""especial mención"" a los hombres y mujeres de las fuerzas armadas, lo que indica un reconocimiento destacado y un sentimiento de admiración fuerte. La elección de palabras y el tono formal refuerzan la intensidad de la emoción expresada.",hombres y mujeres de nuestras fuerzas armadas,actor,La admiración se dirige a los miembros de las fuerzas armadas por su contribución a la formación de nuevos oficiales.
Eufórico,"El enunciador expresa gratitud hacia las fuerzas armadas, lo que implica una emoción positiva y de agradecimiento, caracterizada por tono de satisfacción y reconocimiento. Dado que la gratitud se manifiesta como una valoración positiva y de aprecio, se clasifica dentro del carácter fórico eufórico.",DISCURSO_048_FR_032,Presidente Javier Milei,gratitud,Cognoscitiva,"El discurso expresa gratitud mediante un reconocimiento verbal y una valoración de la contribución de las fuerzas armadas. No se menciona ninguna manifestación física, gesto o sensación corporal; la emoción se basa en juicios y evaluaciones (aprecio, reconocimiento), lo que indica una dominancia cognoscitiva.",Neutra/Ambivalente,"El enunciador expresa gratitud mediante una mención formal y específica a las fuerzas armadas, sin usar adverbios intensificadores ni un tono emocional elevado. La expresión es cortés y respetuosa, típica de discursos oficiales, lo que sugiere una gratitud presente pero de intensidad moderada o neutra.",hombres y mujeres de nuestras fuerzas armadas,actor,"El discurso expresa gratitud hacia las fuerzas armadas por su contribución a la formación de nuevos oficiales, lo que indica que la fuente de la emoción es el grupo de personas que realizaron esa acción."
euforico,"El discurso expresa orgullo y satisfacción al reconocer la contribución de las fuerzas armadas a la formación de nuevos oficiales, lo cual refleja un tono positivo y alegre característico de una emoción eufórica.",DISCURSO_048_FR_032,Presidente Javier Milei,orgullo,Cognoscitiva,"El discurso expresa orgullo a través de la valoración y reconocimiento de la contribución de las fuerzas armadas a la formación de nuevos oficiales. No se mencionan manifestaciones físicas ni sensaciones corporales, sino un juicio evaluativo y un sentimiento de logro y reconocimiento, lo que indica una dominancia cognoscitiva de la emoción.",Alta,"El enunciador utiliza una mención especial y destaca la contribución de las fuerzas armadas a la formación de nuevos oficiales, lo que indica un orgullo fuerte y enfático.",los hombres y mujeres de nuestras fuerzas armadas que contribuyeron a la formación de nuestros nuevos oficiales,actor,"El orgullo se desencadena al reconocer la contribución de las fuerzas armadas en la formación de nuevos oficiales, lo que representa un logro y un reconocimiento de su labor."
euforico,"La frase expresa un reconocimiento positivo y de gratitud hacia las fuerzas armadas, lo que indica una tonalidad afectiva positiva. Aunque no se manifiesta explícitamente alegría o entusiasmo, la emoción de respeto se interpreta como una forma de satisfacción y valoración positiva, por lo que se clasifica dentro del rango eufórico según las heurísticas disponibles.",DISCURSO_048_FR_032,Presidente Javier Milei,respeto,Cognoscitiva,"El sentimiento de respeto se manifiesta principalmente a través de juicios y evaluaciones verbales, como la mención y reconocimiento de la labor de las fuerzas armadas. No se describen manifestaciones físicas ni gestos corporales, por lo que la dominancia se ubica en el dominio cognoscitivo.",Baja,"La frase reconoce la labor de los hombres y mujeres de las fuerzas armadas con un tono formal y respetuoso, sin usar adjetivos o adverbios que intensifiquen la emoción. Por lo tanto, la intensidad de respeto se interpreta como baja.",hombres y mujeres de nuestras fuerzas armadas,actor,"La frase reconoce la labor de los hombres y mujeres de las fuerzas armadas, lo que provoca respeto hacia ellos."
Eufórico,"La expresión ""espero que los graduados los hagan sentir orgullosos"" refleja una expectativa positiva y optimista sobre un resultado futuro, característica típica de la emoción de esperanza. Dado que la esperanza se asocia con un tono afectivo positivo y de anticipación favorable, se clasifica como eufórica según la ontología y las heurísticas proporcionadas.",DISCURSO_048_FR_034,Presidente Javier Milei,esperanza,cognoscitiva,"El enunciado expresa un deseo futuro y una expectativa positiva sobre el resultado de los graduados, sin mencionar sensaciones físicas ni gestos. La emoción de esperanza se manifiesta principalmente a través de juicios y evaluaciones mentales sobre un posible futuro favorable, lo que indica una dominancia cognoscitiva.",Baja,"El enunciado expresa una esperanza de manera sencilla y sin intensificadores ni adverbios que aumenten la fuerza emocional. La frase ""espero que los graduados los hagan sentir orgullosos"" indica un deseo positivo, pero su tono es moderado y no muestra una expresión intensa de la emoción.",los graduados,actor,"La esperanza de Javier Milei se origina en la expectativa de que los graduados, como actores externos, lo hagan sentir orgulloso en el futuro."
euforico,"El enunciador expresa agradecimiento, una emoción positiva y de satisfacción, lo que indica un carácter eufórico.",DISCURSO_048_FR_035,Presidente Javier Milei,gratitud,cognoscitiva,"La expresión de gratitud se manifiesta a través de un reconocimiento verbal y una valoración positiva del apoyo recibido, sin indicios de manifestaciones físicas o gestos. Por lo tanto, la emoción predominante se basa en juicios y evaluaciones cognitivas.",Baja,"El enunciado expresa gratitud de manera formal y cortés, sin adverbios o verbos que intensifiquen la emoción (por ejemplo, ""inmensamente"", ""profundamente""). La palabra ""especialmente"" añade un ligero énfasis, pero no eleva la emoción a un nivel alto. En el contexto de un discurso presidencial, la expresión de agradecimiento suele ser respetuosa y moderada, lo que sugiere una intensidad baja.",familiares de nuestros oficiales,actor,"El presidente expresa su gratitud hacia los familiares de los oficiales por su acompañamiento y apoyo permanente, lo que indica que la fuente de la emoción es el grupo de personas (los familiares) que brindan dicho apoyo."
Eufórico,"El enunciador expresa un deseo de felicidad para los oyentes, lo que refleja una emoción positiva y de satisfacción. La expresión ""les deseo que tengan una feliz navidad"" indica alegría y entusiasmo, características típicas de una emoción eufórica.",DISCURSO_048_FR_036,Presidente Javier Milei,felicidad,Cognoscitiva,"El enunciado expresa un deseo positivo y una evaluación favorable (una feliz navidad y planes grandes), sin indicios de manifestaciones físicas o sensaciones corporales. La emoción de felicidad se presenta principalmente a través de juicios y pensamientos positivos, lo que indica una dominancia cognoscitiva.",Baja,"El discurso contiene una expresión de deseo de felicidad (“feliz navidad”) y una invitación a planificar en grande, pero sin adverbios intensificadores, exclamaciones o tono apasionado. Se trata de un saludo cordial y estándar, por lo que la intensidad de la emoción de felicidad se interpreta como baja.",la Navidad,situacion,"El sentimiento de felicidad del presidente se desencadena por la situación de la temporada navideña, un contexto que suele generar alegría y buenos deseos."
Eufórico,"El discurso expresa un deseo de felicidad y alienta a planificar en grande para el próximo año, lo que refleja entusiasmo y satisfacción con el futuro, características típicas de una emoción eufórica.",DISCURSO_048_FR_036,Presidente Javier Milei,optimismo,Cognoscitiva,"El discurso expresa una expectativa positiva y una invitación a planificar en grande para el próximo año, lo que indica una evaluación mental y una valoración futura favorable. No se mencionan manifestaciones físicas ni gestos, por lo que la emoción se manifiesta principalmente a nivel cognitivo.",Alta,"El discurso expresa un optimismo fuerte y directo al desear una ""feliz navidad"" y al invitar a ""planificar en grande"" para el próximo año. El uso de expresiones amplificadoras como ""en grande"" y la ausencia de matices negativos indican una emoción intensamente positiva y esperanzadora.",el próximo año,situacion,"La emoción de optimismo se desencadena por la perspectiva de planificar en grande para el próximo año, lo que representa una situación futura con oportunidades y expectativas positivas."
Afórico,"La emoción de confianza se caracteriza por una actitud positiva y de seguridad, pero no implica necesariamente alegría o entusiasmo extremo; por lo tanto, se clasifica como afórica, neutra en cuanto a polaridad emocional.",DISCURSO_048_FR_037,Presidente Javier Milei,confianza,Cognoscitiva,"La emoción de confianza se manifiesta principalmente a través de juicios y evaluaciones internas, como la creencia en la intervención divina y la expectativa de que las fuerzas del cielo acompañen. No se describen manifestaciones físicas o gestos que indiquen una predominancia corporal, por lo que la dominancia se clasifica como cognoscitiva.",Alta,"El discurso expresa una confianza explícita y fuerte al invocar a las fuerzas del cielo como acompañantes, lo que indica una emoción de confianza intensamente manifestada.",fuerzas del cielo,actor,"La confianza se origina en la petición de que las fuerzas del cielo nos acompañen, lo que implica una fe en la intervención divina, considerada como un actor que provoca la emoción."
Eufórico,"El enunciado expresa una esperanza positiva de bendición divina y acompañamiento celestial, lo que indica un tono afórico positivo. Por lo tanto, la emoción de esperanza se clasifica como eufórica.",DISCURSO_048_FR_037,Presidente Javier Milei,esperanza,cognoscitiva,"La expresión de esperanza se manifiesta a través de un deseo verbal y una expectativa mental sobre la bendición divina y la presencia de fuerzas celestiales. No se describen sensaciones físicas ni gestos corporales asociados, por lo que la emoción se basa principalmente en juicios y pensamientos, lo que indica una dominancia cognoscitiva.",Alta,"El enunciador expresa un deseo fuerte y explícito de que Dios bendiga a los presentes y a todos los argentinos, acompañándolo con la frase ""las fuerzas del cielo nos acompañen"", lo cual indica una esperanza intensa y vigorosa en la realización de esa bendición.",Dios,actor,"El sentimiento de esperanza se origina en la expectativa de que Dios bendiga a los presentes y a los argentinos, por lo que la fuente de la emoción es la entidad divina que se menciona como agente de la bendición."
euforico,"El discurso expresa alegría y celebración, con expresiones de felicitación y entusiasmo, lo que indica una emoción de tono positivo y satisfacción.",DISCURSO_048_FR_038,Presidente Javier Milei,felicidad,cognoscitiva,"El discurso expresa alegría y celebración a través de palabras como ""felicidades a todos"" y ""¡viva la patria!"", sin mencionar manifestaciones físicas o sensaciones corporales. Por lo tanto, la dominancia de la emoción identificada (felicidad) se basa principalmente en juicios y evaluaciones cognitivas.",Alta,"El discurso incluye exclamaciones y palabras de celebración como ""felicidades a todos"" y ""¡viva la patria!"", indicando una expresión de alegría intensa y entusiasmo.",la elección presidencial,situacion,"El discurso celebra el resultado de la elección, generando alegría y celebración."
euforico,"El enunciador expresa agradecimiento explícito con ""muchas gracias"", acompañado de felicitaciones y un llamado a la patria, lo cual refleja alegría, entusiasmo y satisfacción. Estas expresiones de gratitud y celebración corresponden a un tono afectivo positivo, por lo que la emoción se clasifica como eufórica.",DISCURSO_048_FR_038,Presidente Javier Milei,gratitud,cognoscitiva,"El enunciador expresa ""muchas gracias"", una manifestación explícita de gratitud que se basa en juicios y evaluaciones de agradecimiento hacia el público, sin indicios de manifestaciones físicas o sensaciones corporales. Por lo tanto, la dominancia de la emoción identificada es cognoscitiva.",Alta,"El enunciador utiliza ""muchas gracias"", un adverbio de intensidad que amplifica la gratitud, junto con exclamaciones y un tono celebratorio, lo que indica una expresión fuerte y apasionada de gratitud.",el público,actor,"El presidente Milei expresa ""muchas gracias"" como una manifestación explícita de gratitud dirigida al público presente, por lo que el público es la entidad concreta que desencadena la emoción."
Eufórico,"El sentimiento de orgullo expresado en la frase ""¡viva la patria!"" se manifiesta como entusiasmo y alegría patriótica, lo cual corresponde a la tonalidad positiva y de satisfacción caracterizada por la categoría eufórica.",DISCURSO_048_FR_038,Presidente Javier Milei,orgullo,Cognoscitiva,"El discurso expresa un juicio positivo y una evaluación de la patria con la exclamación '¡viva la patria!', sin indicios de manifestaciones corporales, por lo que la dominancia se interpreta como cognoscitiva.",Alta,"El uso de la exclamación ""¡viva la patria!"" junto con la expresión de agradecimiento y felicitaciones en un discurso presidencial indica una manifestación fuerte y entusiasta de orgullo patriótico. La entonación y el contexto político refuerzan la intensidad de la emoción, lo que sugiere una intensidad alta.",la patria,espacio,"La exclamación ""¡viva la patria!"" expresa un sentimiento de orgullo y entusiasmo patriótico, indicando que la fuente de la emoción es la propia patria (el país) que el hablante celebra."
