fuente,tipo_fuente,justificacion,recorte_id,experienciador,tipo_emocion
secuestro ilegal de Nahuel Gallo en Venezuela,situacion,"El expresidente Javier Milei muestra indignación al referirse al secuestro ilegal de Nahuel Gallo, un evento externo que constituye la causa directa de su emoción.",DISCURSO_048_FR_002,Presidente Javier Milei,indignación
detención de la pareja y el hijo por las fuerzas de seguridad a cargo de Nicolás Maduro,situacion,"La indignación del presidente Milei se desencadena por el evento concreto de la detención, considerado injusto y trivial, que constituye una situación que provoca la emoción.",DISCURSO_048_FR_003,Presidente Javier Milei,indignación
dictador criminal Nicolás Maduro,actor,"El sentimiento de desprecio se origina en la referencia negativa a Nicolás Maduro como ""dictador criminal"" y la trivialidad del delito que lo llevó a ser detenido, lo que provoca una actitud de desprecio hacia él y su régimen.",DISCURSO_048_FR_003,Presidente Javier Milei,contempto
secuestro,situacion,"La indignación surge al denunciar el secuestro, un evento que implica la violación de derechos y la acción del régimen.",DISCURSO_048_FR_004,Presidente Javier Milei,indignación
la detención de la persona,situacion,"La determinación del presidente surge como respuesta directa a la situación de detención de la persona, lo que motiva la exigencia de su liberación inmediata y el uso de vías diplomáticas.",DISCURSO_048_FR_004,Presidente Javier Milei,determinación
vías diplomáticas para devolverlo sano y salvo a la argentina,situacion,"La esperanza surge de la expectativa de que las vías diplomáticas llevarán a la liberación y retorno seguro del individuo, constituyendo una situación externa que genera la emoción.",DISCURSO_048_FR_004,Presidente Javier Milei,esperanza
"la situación de estar en el evento con el ministro de defensa, los jefes del estado mayor, el poder ejecutivo y los nuevos egresados de las fuerzas armadas",situacion,"El deseo de saludar surge del contexto de la reunión formal donde están presentes el ministro de defensa, los jefes del estado mayor, el poder ejecutivo y los nuevos egresados, lo que constituye la situación que desencadena la emoción.",DISCURSO_048_FR_005,Presidente Javier Milei,deseo
todos aquellos que han venido a acompañarlos,actor,"El agradecimiento del presidente se dirige a las personas que asistieron y acompañaron la jornada, por lo que la fuente de la emoción es el grupo de asistentes, clasificado como actor según la ontología.",DISCURSO_048_FR_006,Presidente Javier Milei,gratitud
los asistentes que han venido a acompañarlos,actor,El reconocimiento de la presencia y apoyo de los asistentes genera una sensación de aprecio en el presidente.,DISCURSO_048_FR_006,Presidente Javier Milei,aprecio
la jornada,situacion,"El orgullo se origina en la valoración positiva de la jornada como inolvidable y en la presencia de los asistentes, lo que constituye una situación que provoca la emoción.",DISCURSO_048_FR_006,Presidente Javier Milei,orgullo
la ceremonia de egreso conjunto,situacion,El acto de participar en la ceremonia de egreso conjunto constituye un evento formal y significativo que genera el sentimiento de honor en el presidente.,DISCURSO_048_FR_007,Presidente Javier Milei,honor
la finalización de la formación básica para el servicio a la patria,situacion,"El presidente expresa felicidad al reconocer que los graduados han concluido la formación básica que eligieron, lo cual constituye un evento que desencadena la emoción.",DISCURSO_048_FR_009,Presidente Javier Milei,felicidad
la finalización de la formación básica para el servicio a la patria por parte de los graduados,situacion,"El orgullo se desencadena por el logro concreto de los graduados al completar la formación básica, un evento significativo que el presidente reconoce y felicita.",DISCURSO_048_FR_009,Presidente Javier Milei,orgullo
el logro de los graduados al concluir una etapa de formación,situacion,"El orgullo del presidente surge al observar el evento concreto de que los graduados han terminado una etapa de su formación, lo cual constituye una situación específica que desencadena la emoción.",DISCURSO_048_FR_011,Presidente Javier Milei,orgullo
nueva etapa de aprendizaje,situacion,"El discurso menciona que termina una etapa y comienza otra donde nunca dejarán de aprender, lo que genera esperanza en los graduados.",DISCURSO_048_FR_011,Presidente Javier Milei,esperanza
los sables,objeto,"El orgullo se desencadena por la entrega de los sables, que simbolizan los máximos principios y valores de los héroes emancipadores, generando una valoración positiva y orgullo por la tradición y los graduados que recibirán el símbolo.",DISCURSO_048_FR_012,Presidente Javier Milei,orgullo
los sables,objeto,"La reverencia se desencadena por los sables, objetos simbólicos que representan los máximos principios y valores de los héroes emancipadores, evocando respeto y veneración hacia esos valores históricos.",DISCURSO_048_FR_012,Presidente Javier Milei,reverencia
los sables,objeto,"Los sables son objetos materiales que simbolizan los máximos principios y valores de los héroes emancipadores, y su entrega evoca un sentimiento de respeto hacia la institución y sus símbolos.",DISCURSO_048_FR_012,Presidente Javier Milei,respeto
la entrega de los sables,situacion,"La emoción de anticipación surge porque el presidente menciona que en instantes se realizará la entrega de los sables, un evento concreto que está próximo a ocurrir.",DISCURSO_048_FR_012,Presidente Javier Milei,anticipación
la entrega de juramentos de fidelidad a la Constitución Nacional,situacion,"El orgullo surge al presenciar la ceremonia de juramento, un evento que simboliza el compromiso y la continuidad de la institución nacional.",DISCURSO_048_FR_014,Presidente Javier Milei,orgullo
juramento de fidelidad a la constitución nacional,situacion,"El sentimiento de esperanza se origina en la promesa de un juramento que compromete a los oficiales a una vida entera de servicio a la nación, lo cual proyecta una visión positiva y esperanzadora del futuro de la nación y de los oficiales.",DISCURSO_048_FR_014,Presidente Javier Milei,esperanza
juramento de fidelidad a la constitución nacional,situacion,El acto de tomar juramento constituye un evento concreto que impulsa al presidente a manifestar determinación para asegurar la integridad constitucional y el compromiso de los oficiales con el servicio a la nación.,DISCURSO_048_FR_014,Presidente Javier Milei,determinación
ceremonia de entrega de sables y juramentos,situacion,"La solemnidad se desencadena al presenciar la ceremonia formal de entrega de sables y juramentos, un evento que conlleva rituales y simbolismo que evocan respeto y solemnidad.",DISCURSO_048_FR_014,Presidente Javier Milei,solemnidad
juramento de fidelidad a la constitución nacional,situacion,"El acto de tomar juramento ante la constitución nacional constituye una situación formal y solemne que provoca reverencia, ya que implica un compromiso profundo con la ley y la patria.",DISCURSO_048_FR_014,Presidente Javier Milei,reverencia
el día,situacion,"El discurso invita a recordar bien este día, lo que constituye una situación concreta que provoca orgullo en el presidente al conmemorar la importancia de los valores de orden, valor y gloria.",DISCURSO_048_FR_015,Presidente Javier Milei,orgullo
"preceptos consignados en los tres vitrales de este techo: orden, valor y gloria",objeto,El presidente expresa esperanza al invitar a los graduados a recordar y grabar en su memoria los valores que están materialmente representados en los vitrales; la expectativa de que estos objetos inspiren la internalización futura de dichos valores es la fuente que desencadena la emoción de esperanza.,DISCURSO_048_FR_015,Presidente Javier Milei,esperanza
mandato de recordar y grabar los preceptos consignados en los tres vitrales de este techo,situacion,"El mandato que el presidente emite para que los oficiales recuerden y graben los preceptos de orden, valor y gloria constituye una situación concreta que desencadena su determinación de que los oficiales mantengan esos principios.",DISCURSO_048_FR_015,Presidente Javier Milei,determinación
el día de la ceremonia,situacion,"El llamado a recordar bien este día muestra reverencia por la ocasión y la importancia histórica del evento, por lo que el día mismo actúa como fuente de la emoción.",DISCURSO_048_FR_015,Presidente Javier Milei,reverencia
las fuerzas armadas,actor,"El presidente Milei expresa orgullo al referirse al ejército como el norte que guía una vida de servicio a la patria, lo que indica que la fuente de su orgullo es el grupo de las fuerzas armadas.",DISCURSO_048_FR_016,Presidente Javier Milei,orgullo
la patria,espacio,"El presidente menciona explícitamente el servicio a la patria, lo que indica que la propia nación (el concepto de patria) es la fuente que provoca el sentimiento de patriotismo.",DISCURSO_048_FR_016,Presidente Javier Milei,patriotismo
el ejército,actor,"El presidente describe al ejército como el norte, lo que sugiere que la institución militar actúa como guía y motivación para la determinación de seguir esa dirección y cumplir la misión.",DISCURSO_048_FR_016,Presidente Javier Milei,determinación
los graduados,actor,"El presidente expresa su confianza en que, al seguir a los graduados, lograrán que todos los argentinos de bien se sientan orgullosos de ellos. La fuente de esa confianza es la acción futura de los graduados, quienes son los actores que producirán el resultado esperado.",DISCURSO_048_FR_017,Presidente Javier Milei,confianza
los graduados,actor,"El presidente expresa esperanza basada en la expectativa de que los graduados, al cumplir con sus responsabilidades, lograrán que los argentinos se sientan orgullosos. La fuente de la emoción es, por tanto, el grupo de graduados, quienes son los actores que desencadenan la esperanza.",DISCURSO_048_FR_017,Presidente Javier Milei,esperanza
el momento histórico que estamos atravesando como país,situacion,"El sentimiento de orgullo se desencadena al reconocer la importancia y el significado especial del momento histórico que el país está viviendo, lo cual constituye una situación externa que provoca la emoción.",DISCURSO_048_FR_018,Presidente Javier Milei,orgullo
el momento histórico que estamos atravesando como país,situacion,"El presidente señala que el contexto histórico actual impone un significado especial a las acciones y compromisos, lo que genera la emoción de responsabilidad como respuesta a esa situación",DISCURSO_048_FR_018,Presidente Javier Milei,responsabilidad
la casta política,actor,"El enunciador expresa indignación al afirmar que la casta política impuso una realidad miserable a los argentinos, por lo que la fuente de la emoción es la casta política.",DISCURSO_048_FR_019,Presidente Javier Milei,indignación
la casta política,actor,"El presidente Milei expresa frustración por la prolongada imposición de una realidad miserable a los argentinos por parte de la casta política, identificando a este grupo como la fuente de su frustración.",DISCURSO_048_FR_019,Presidente Javier Milei,frustración
la reversión de la realidad miserable impuesta por la casta política,situacion,"El sentimiento de esperanza se desencadena por el hecho concreto de que, con esfuerzo, se ha empezado a revertir la realidad miserable que la casta política impuso a los argentinos, lo cual constituye una situación de cambio positivo que genera la emoción.",DISCURSO_048_FR_019,Presidente Javier Milei,esperanza
la casta política,actor,"El sentimiento de determinación surge como respuesta a la imposición de una realidad miserable por parte de la casta política, lo que impulsa la acción colectiva para revertirla.",DISCURSO_048_FR_019,Presidente Javier Milei,determinación
la casta,actor,"El enunciador condena a la casta como ""legados nefastos"" y señala que han fracturado la relación con las fuerzas armadas, provocando indignación.",DISCURSO_048_FR_020,Presidente Javier Milei,indignación
la casta,actor,"El sentimiento de ira se origina en la acusación de que la casta ha fracturado la relación entre la política y las fuerzas armadas, por lo que la casta es la entidad que provoca la emoción.",DISCURSO_048_FR_020,Presidente Javier Milei,ira
los mismos que se llenaban la boca hablando de soberanía,actor,"La indignación surge al criticar a las personas que, a pesar de proclamarse defensores de la soberanía, se dedicaron a desprestigiar y diferenciar a las fuerzas militares, provocando la pérdida de años valiosos en su desarrollo.",DISCURSO_048_FR_021,Presidente Javier Milei,Indignación
los mismos que se llenaban la boca hablando de soberanía,actor,"El frustrado presidente Javier Milei atribuye la pérdida de años valiosos en el desarrollo militar a las acciones de los políticos que, a pesar de hablar de soberanía, se dedicaron a desprestigiar y diferenciar a las fuerzas armadas. Estas personas son la fuente directa de la frustración expresada.",DISCURSO_048_FR_021,Presidente Javier Milei,Frustración
los políticos que hablan de soberanía y desprestigian las fuerzas,actor,"El sentimiento de resentimiento surge por la conducta de los políticos que, a pesar de prometer soberanía, se dedicaron a desprestigiar y diferenciar a las fuerzas armadas, provocando la pérdida de años valiosos en su desarrollo.",DISCURSO_048_FR_021,Presidente Javier Milei,Resentimiento
el grupo político que habla de soberanía pero desprestigia y diferencia a las fuerzas militares,actor,"La decepción se origina en la acción de los políticos que, a pesar de proclamarse defensores de la soberanía, actúan desprestigiando y diferenciando a las fuerzas militares, lo que provocó la pérdida de años valiosos en el desarrollo de las capacidades militares.",DISCURSO_048_FR_021,Presidente Javier Milei,Decepción
el intento de destruir el afecto persistente de la sociedad por las fuerzas armadas argentinas,situacion,El alivio del presidente surge porque la situación de que un grupo intentó destruir el afecto persistente de la sociedad por las fuerzas armadas argentinas no tuvo éxito; la preservación de ese valor es la circunstancia externa que desencadena la emoción.,DISCURSO_048_FR_022,Presidente Javier Milei,Alivio
el respeto y reconocimiento que reciben sus fuerzas,situacion,"El orgullo del presidente surge de la situación concreta en la que sus fuerzas obtienen el respeto y reconocimiento que consideran merecidos, lo cual constituye un evento externo que desencadena la emoción.",DISCURSO_048_FR_023,Presidente Javier Milei,Orgullo
la nueva página que están escribiendo,objeto,"El sentimiento de esperanza surge al referirse a la creación de una nueva página de la historia, que simboliza un futuro mejor y la posibilidad de cambio positivo.",DISCURSO_048_FR_023,Presidente Javier Milei,Esperanza
dar vuelta a la página triste de la historia,situacion,"El alivio surge al dejar atrás la tristeza de la página histórica y comenzar una nueva, lo que constituye una situación que alivia el sentimiento de tristeza.",DISCURSO_048_FR_023,Presidente Javier Milei,Alivio
la situación de dar vuelta la triste página de la historia y comenzar a escribir una nueva,situacion,"El sentimiento de determinación surge de la circunstancia concreta de superar una página triste de la historia y emprender la escritura de una nueva, lo cual constituye una situación que impulsa la emoción.",DISCURSO_048_FR_023,Presidente Javier Milei,Determinación
la página de la historia,situacion,"El optimismo se desencadena por la situación de dar vuelta la triste página de la historia y comenzar a escribir una nueva, lo que representa un cambio positivo y esperanzador.",DISCURSO_048_FR_023,Presidente Javier Milei,Optimismo
el respeto y reconocimiento que reciben nuestras fuerzas,situacion,"El presidente siente satisfacción al afirmar que sus fuerzas están recibiendo el respeto y reconocimiento que merecen, lo cual constituye la situación que desencadena la emoción.",DISCURSO_048_FR_023,Presidente Javier Milei,Satisfacción
reconciliación de las fuerzas armadas con la política,situacion,"El sentimiento de orgullo se origina en la acción de reconciliar las fuerzas armadas con la política, un evento positivo que el presidente percibe como logro y avance.",DISCURSO_048_FR_024,Presidente Javier Milei,orgullo
el proceso de reconciliación de las fuerzas armadas con la política,situacion,"La satisfacción del presidente surge del hecho de que se está llevando a cabo la reconciliación entre las fuerzas armadas y la política, una situación que se percibe como positiva y satisfactoria.",DISCURSO_048_FR_024,Presidente Javier Milei,satisfacción
la reconciliación de las fuerzas armadas con la política,situacion,La esperanza surge de la expectativa positiva de que la reconciliación entre las fuerzas armadas y la política generará resultados favorables para el futuro.,DISCURSO_048_FR_024,Presidente Javier Milei,esperanza
reconciliación de las fuerzas armadas con la política,situacion,"El optimismo del presidente surge de la percepción de que la reconciliación entre las fuerzas armadas y la política es un evento positivo que mejora la estabilidad y la gobernabilidad, generando una visión optimista.",DISCURSO_048_FR_024,Presidente Javier Milei,optimismo
el gobierno,actor,"El presidente expresa confianza en la capacidad del gobierno para acompañar y jerarquizar las fuerzas, lo que genera la emoción de confianza.",DISCURSO_048_FR_025,Presidente Javier Milei,confianza
el gobierno,actor,"La frase destaca que el gobierno acompañará y hará todo lo posible para jerarquizar las tres fuerzas, lo que constituye una promesa concreta y activa que impulsa la actitud de determinación del hablante.",DISCURSO_048_FR_025,Presidente Javier Milei,determinación
el legado de Roca y San Martín,experiencia,"El orgullo se desencadena al hacer referencia al legado histórico de Roca y San Martín, una memoria colectiva y experiencia nacional que el orador celebra y honra.",DISCURSO_048_FR_025,Presidente Javier Milei,orgullo
el gobierno,actor,"El presidente Milei expresa esperanza al afirmar que los egresados contarán con un gobierno que los acompañará y hará todo lo posible, lo que constituye la fuente de la emoción.",DISCURSO_048_FR_025,Presidente Javier Milei,esperanza
el gobierno,actor,"El optimismo surge de la promesa de que el gobierno acompañará a los egresados y hará todo lo posible para jerarquizar las tres fuerzas, generando una expectativa positiva y de apoyo.",DISCURSO_048_FR_025,Presidente Javier Milei,optimismo
los desafíos que atraviesa nuestra patria,situacion,"El sentimiento de preocupación se origina en la situación de los desafíos que enfrenta la patria, una circunstancia externa que provoca la emoción.",DISCURSO_048_FR_026,Presidente Javier Milei,concern
los desafíos que atraviesa nuestra patria,situacion,"Los desafíos externos que enfrenta la nación son la circunstancia que impulsa la determinación del presidente, generando la necesidad de prepararse y actuar con coraje, decisión y responsabilidad.",DISCURSO_048_FR_026,Presidente Javier Milei,determination
la batalla de Caseros,situacion,"El presidente menciona la batalla de Caseros, un hito histórico argentino, lo que genera orgullo por la historia y la identidad nacional.",DISCURSO_048_FR_027,Presidente Javier Milei,orgullo
batalla de Caseros,situacion,"El sentimiento de respeto se origina al referirse a la batalla de Caseros, un evento histórico significativo, y a sus protagonistas, lo que constituye una situación que provoca la emoción.",DISCURSO_048_FR_027,Presidente Javier Milei,respet
llamado histórico,situacion,"El orgullo se origina en la situación del llamado histórico y la necesidad de prevalecer contra la tiranía rosista, lo que genera un sentimiento de orgullo por la misión y la capacidad de los oficiales.",DISCURSO_048_FR_028,Presidente Javier Milei,orgullo
tiranía rosista,situacion,"La determinación del orador se desencadena por la presencia de la ""tiranía rosista"", una situación adversa que exige superar y prevalecer, motivando así la firme intención expresada.",DISCURSO_048_FR_028,Presidente Javier Milei,determinación
tiranía rosista,actor,"El enunciador expresa indignación al referirse a la ""tiranía rosista"", señalando la acción de un grupo político (los Rosistas) como causa de la injusticia.",DISCURSO_048_FR_028,Presidente Javier Milei,indignación
la memoria de la persona fallecida,experiencia,El enunciador expresa esperanza de que la memoria de la persona fallecida motive a los graduados; la memoria es un recuerdo previo que actúa como fuente de la emoción.,DISCURSO_048_FR_029,Presidente Javier Milei,esperanza
la nación,actor,"El presidente expresa confianza al afirmar que la nación cuenta con los oficiales egresados, lo que indica que la confianza se origina en la expectativa y el respaldo de la nación hacia ellos.",DISCURSO_048_FR_030,Presidente Javier Milei,confianza
la nación,actor,"El presidente expresa confianza al afirmar que los oyentes pueden contar con la nación, lo que indica que la nación, como grupo colectivo, es la entidad que provoca la emoción de confianza.",DISCURSO_048_FR_031,Presidente Javier Milei,confianza
hombres y mujeres de nuestras fuerzas armadas,actor,"El discurso expresa gratitud hacia las fuerzas armadas por su contribución a la formación de nuevos oficiales, lo que indica que la fuente de la emoción es el grupo de personas que realizaron esa acción.",DISCURSO_048_FR_032,Presidente Javier Milei,gratitud
hombres y mujeres de nuestras fuerzas armadas,actor,"La frase reconoce la labor de los hombres y mujeres de las fuerzas armadas, lo que provoca respeto hacia ellos.",DISCURSO_048_FR_032,Presidente Javier Milei,respeto
los hombres y mujeres de nuestras fuerzas armadas que contribuyeron a la formación de nuestros nuevos oficiales,actor,"El orgullo se desencadena al reconocer la contribución de las fuerzas armadas en la formación de nuevos oficiales, lo que representa un logro y un reconocimiento de su labor.",DISCURSO_048_FR_032,Presidente Javier Milei,orgullo
hombres y mujeres de nuestras fuerzas armadas,actor,La admiración se dirige a los miembros de las fuerzas armadas por su contribución a la formación de nuevos oficiales.,DISCURSO_048_FR_032,Presidente Javier Milei,admiración
los graduados,actor,"La esperanza de Javier Milei se origina en la expectativa de que los graduados, como actores externos, lo hagan sentir orgulloso en el futuro.",DISCURSO_048_FR_034,Presidente Javier Milei,esperanza
familiares de nuestros oficiales,actor,"El presidente expresa su gratitud hacia los familiares de los oficiales por su acompañamiento y apoyo permanente, lo que indica que la fuente de la emoción es el grupo de personas (los familiares) que brindan dicho apoyo.",DISCURSO_048_FR_035,Presidente Javier Milei,gratitud
la Navidad,situacion,"El sentimiento de felicidad del presidente se desencadena por la situación de la temporada navideña, un contexto que suele generar alegría y buenos deseos.",DISCURSO_048_FR_036,Presidente Javier Milei,felicidad
el próximo año,situacion,"La emoción de optimismo se desencadena por la perspectiva de planificar en grande para el próximo año, lo que representa una situación futura con oportunidades y expectativas positivas.",DISCURSO_048_FR_036,Presidente Javier Milei,optimismo
Dios,actor,"El sentimiento de esperanza se origina en la expectativa de que Dios bendiga a los presentes y a los argentinos, por lo que la fuente de la emoción es la entidad divina que se menciona como agente de la bendición.",DISCURSO_048_FR_037,Presidente Javier Milei,esperanza
fuerzas del cielo,actor,"La confianza se origina en la petición de que las fuerzas del cielo nos acompañen, lo que implica una fe en la intervención divina, considerada como un actor que provoca la emoción.",DISCURSO_048_FR_037,Presidente Javier Milei,confianza
el público,actor,"El presidente Milei expresa ""muchas gracias"" como una manifestación explícita de gratitud dirigida al público presente, por lo que el público es la entidad concreta que desencadena la emoción.",DISCURSO_048_FR_038,Presidente Javier Milei,gratitud
la elección presidencial,situacion,"El discurso celebra el resultado de la elección, generando alegría y celebración.",DISCURSO_048_FR_038,Presidente Javier Milei,felicidad
la patria,espacio,"La exclamación ""¡viva la patria!"" expresa un sentimiento de orgullo y entusiasmo patriótico, indicando que la fuente de la emoción es la propia patria (el país) que el hablante celebra.",DISCURSO_048_FR_038,Presidente Javier Milei,orgullo
presidente de la nación Javier Milei,actor,"La presencia y discurso del presidente en la ceremonia de egreso de oficiales genera orgullo entre los partidarios, ya que el presidente es una figura central y simbólica del partido.",DISCURSO_048_FR_001,Partido político de Javier Milei y su base electoral,orgullo
presidente de la nación,actor,"El saludo ""buenas tardes a todos"" es pronunciado por el presidente de la nación, quien actúa como fuente de la emoción de bienvenida en la audiencia.",DISCURSO_048_FR_001,Público general argentino,bienvenida
saludo neutro del presidente de la nación,situacion,"El saludo neutro del presidente, sin contenido emotivo, constituye una situación que no provoca entusiasmo ni rechazo, generando indiferencia en la oposición.",DISCURSO_048_FR_001,Oposición política (la casta política),indiferencia
secuestro ilegal de Nahuel Gallo en Venezuela,situacion,El secuestro ilegal de Nahuel Gallo en Venezuela es un evento externo que provoca indignación en el partido y su base.,DISCURSO_048_FR_002,prodestinatario,indignación
secuestro ilegal de Nahuel Gallo en Venezuela,situacion,La referencia al secuestro ilegal de Nahuel Gallo genera solidaridad al describir un evento trágico que afecta a una persona específica.,DISCURSO_048_FR_002,prodestinatario,solidaridad
secuestro ilegal de Nahuel Gallo en Venezuela,situacion,El hecho de que Nahuel Gallo haya sido secuestrado ilegalmente en Venezuela constituye un evento externo que provoca indignación en el público.,DISCURSO_048_FR_002,paradestinatario,indignación
secuestro ilegal de Nahuel Gallo en Venezuela,situacion,La mención del secuestro ilegal de Nahuel Gallo en Venezuela genera preocupación por la seguridad de ciudadanos argentinos en el extranjero.,DISCURSO_048_FR_002,paradestinatario,preocupación
secuestro ilegal de Nahuel Gallo en Venezuela,situacion,"El secuestro ilegal constituye un acto ilícito y violento que provoca indignación en la oposición, siendo la situación concreta que desencadena la emoción.",DISCURSO_048_FR_002,contradestinatario,indignación
secuestro ilegal de Nahuel Gallo en Venezuela,situacion,"La referencia al secuestro ilegal de Nahuel Gallo en Venezuela constituye una situación negativa que puede provocar una respuesta defensiva por parte del contradestinatario, ya que se percibe como una acusación o crítica que amenaza su posición.",DISCURSO_048_FR_002,contradestinatario,defensa
detención por visitar a su pareja y su hijo,situacion,La indignación surge por la injusticia de ser detenido por las fuerzas de seguridad de Maduro por un delito tan leve.,DISCURSO_048_FR_003,prodestinatario,indignación
detención por las fuerzas de seguridad a cargo del dictador criminal Nicolás Maduro,situacion,"La emoción de ira se desencadena por la situación de haber sido detenido de manera injusta por las fuerzas de seguridad bajo el mando del dictador Nicolás Maduro, lo cual constituye un acto represivo que provoca indignación en el experienciador.",DISCURSO_048_FR_003,prodestinatario,ira
dictador criminal Nicolás Maduro,actor,"El orgullo surge al percibir la acción injusta del dictador Nicolás Maduro, cuya detención de la persona por un delito trivial se interpreta como una muestra de opresión, lo que refuerza la posición de Milei como defensor de la libertad.",DISCURSO_048_FR_003,prodestinatario,orgullo
detención por las fuerzas de seguridad a cargo del dictador criminal Nicolás Maduro por visitar a su pareja y su hijo,situacion,El hecho concreto de que la persona haya sido detenida por las fuerzas de seguridad bajo la autoridad de Nicolás Maduro por un acto tan sencillo como visitar a su pareja y su hijo constituye la circunstancia externa que provoca la indignación del público.,DISCURSO_048_FR_003,paradestinatario,indignación
fuerzas de seguridad a cargo del dictador criminal Nicolás Maduro,actor,"La acción de las fuerzas de seguridad, bajo la autoridad de Nicolás Maduro, al detener a una persona por visitar a su pareja y su hijo, constituye un acto injusto que provoca ira en la audiencia neutra.",DISCURSO_048_FR_003,paradestinatario,ira
la detención por visitar a su pareja y su hijo,situacion,El hecho de que la persona haya sido detenida por una acción tan leve (visitar a su pareja y su hijo) genera empatía hacia la víctima.,DISCURSO_048_FR_003,paradestinatario,empatía
detención por las fuerzas de seguridad a cargo del dictador criminal Nicolás Maduro,situacion,"La indignación surge del hecho de que la oposición percibe la detención de una persona por parte de las fuerzas de seguridad bajo el mando de Maduro como una acción injusta y política, generando indignación.",DISCURSO_048_FR_003,contradestinatario,indignación
acusación de apoyar al régimen opresivo,situacion,"La frustración surge porque la oposición percibe que el discurso los acusa indirectamente de respaldar al régimen de Nicolás Maduro, generando una sensación de injusta culpabilidad.",DISCURSO_048_FR_003,contradestinatario,frustración
el secuestro de Nahuel Gallo,situacion,"La indignación se desencadena por el evento del secuestro de Nahuel Gallo, una situación externa que provoca la reacción emocional.",DISCURSO_048_FR_004,Partido político de Javier Milei y su base electoral (prodestinatario),indignación
la detención de la persona en cuestión,situacion,La determinación expresada por el partido surge como respuesta a la situación concreta de que una persona está detenida; la exigencia de liberación y el compromiso de usar todas las vías diplomáticas se originan en ese contexto de detención.,DISCURSO_048_FR_004,Partido político de Javier Milei y su base electoral (prodestinatario),determinación
promesa de devolver al secuestrado sano y salvo,situacion,"La promesa de que el secuestrado será devuelto sano y salvo constituye una situación concreta que genera una expectativa positiva de resolución, lo que desencadena la emoción de esperanza en el público argentino.",DISCURSO_048_FR_004,Público general argentino (paradestinatario),esperanza
detención del individuo,situacion,"La frustración del opositor se origina en la situación de que el individuo está detenido, lo cual perciben como una injusticia que impide su liberación inmediata.",DISCURSO_048_FR_004,Oposición política (la casta política) (contradestinatario),frustración
"los nuevos egresados de las fuerzas armadas (subtenientes, guardiamarinas y alféreces)",actor,"El sentimiento de orgullo se desencadena por el reconocimiento y la atención especial que el orador dirige a los nuevos egresados, quienes son personas que han alcanzado un logro significativo dentro de las fuerzas armadas.",DISCURSO_048_FR_005,Partido político de Javier Milei y su base electoral,pride
"Luis Petri, Ministro de Defensa",actor,"El discurso muestra un tono respetuoso dirigido al Ministro de Defensa y a los jefes del Estado Mayor, indicando que la presencia y posición de Luis Petri son la fuente que provoca la emoción de respeto en la base partidaria.",DISCURSO_048_FR_005,Partido político de Javier Milei y su base electoral,respect
"saludo a los nuevos egresados en nuestras tres fuerzas (subtenientes, guardiamarinas y alféreces)",situacion,"El acto de saludar a los recién egresados de las fuerzas armadas constituye una situación concreta que provoca un sentimiento de unidad y solidaridad entre los miembros del partido, al reconocer y valorar la contribución de estos nuevos integrantes.",DISCURSO_048_FR_005,Partido político de Javier Milei y su base electoral,solidarity
reconocimiento de las fuerzas armadas,situacion,"El acto de saludar y reconocer a los miembros de las fuerzas armadas genera confianza en la base partidaria, reforzando la percepción de liderazgo y seguridad nacional.",DISCURSO_048_FR_005,Partido político de Javier Milei y su base electoral,confidence
saludo formal al ejército,situacion,El saludo formal al ministro de defensa y a los militares genera respeto en el público general argentino,DISCURSO_048_FR_005,Público general argentino,respect
"los nuevos egresados en nuestras tres fuerzas: subtenientes, guardiamarinas y alféreces",actor,El reconocimiento a los nuevos oficiales genera admiración en el público por su profesionalidad y compromiso.,DISCURSO_048_FR_005,Público general argentino,admiration
el deterioro entre el Estado y las fuerzas armadas,situacion,"La emoción de escepticismo de la oposición se origina en el contexto de deterioro entre el Estado y las fuerzas armadas, que condiciona su percepción del discurso del presidente.",DISCURSO_048_FR_005,Oposición política (la casta política),skepticism
el presidente,actor,"La oposición percibe que el presidente muestra una preferencia hacia las fuerzas armadas al saludar y destacar a sus integrantes, lo que genera resentimiento al sentir que se favorece a un grupo político y militar sobre el resto del Estado.",DISCURSO_048_FR_005,Oposición política (la casta política),resentment
los asistentes que han venido a acompañarlos,actor,"El sentimiento de gratitud se dirige a las personas que asistieron y acompañaron al partido en la jornada, por lo que la fuente de la emoción es el grupo de asistentes, un actor concreto.",DISCURSO_048_FR_006,Partido político de Javier Milei y su base electoral,gratitud
los asistentes que acompañaron la jornada,actor,"La gratitud se origina en la presencia y participación de los asistentes que han venido a acompañar, quienes actúan como fuente directa de la emoción al ser reconocidos y agradecidos por el hablante.",DISCURSO_048_FR_006,Público general argentino,gratitud
ceremonia de egreso conjunto,situacion,"El orgullo de la base electoral se desencadena por la participación del presidente en la ceremonia de egreso conjunto, un evento significativo que simboliza honor y reconocimiento para el partido.",DISCURSO_048_FR_007,Partido político de Javier Milei y su base electoral (tipo: prodestinatario),pride
participación del presidente en la ceremonia de egreso conjunto,situacion,"La emoción de admiración se desencadena por la situación de la participación del presidente en la ceremonia de egreso conjunto, que simboliza su compromiso con las fuerzas armadas y genera respeto y admiración en la base electoral.",DISCURSO_048_FR_007,Partido político de Javier Milei y su base electoral (tipo: prodestinatario),admiration
participación del presidente en la ceremonia de egreso conjunto,situacion,"El público argentino siente respeto al presenciar al presidente, como comandante en jefe, participar con honor en la ceremonia de egreso conjunto, un evento formal que simboliza el reconocimiento y la dignidad de las fuerzas armadas y la nación.",DISCURSO_048_FR_007,Público general argentino (tipo: paradestinatario),respect
ceremonia de egreso conjunto,situacion,"La participación en la ceremonia de egreso conjunto, un evento formal y simbólico, genera inspiración en el público al representar la continuidad y el compromiso de las fuerzas armadas y la nación.",DISCURSO_048_FR_007,Público general argentino (tipo: paradestinatario),inspiration
presidente de la nación y comandante en jefe de las fuerzas armadas,actor,"El sentimiento de amenaza se origina en la declaración del presidente de que, como comandante en jefe, participa en la ceremonia, lo cual la oposición percibe como una afirmación de poder que puede socavar la supervisión civil y la autonomía de la oposición.",DISCURSO_048_FR_007,Oposición política (la casta política) (tipo: contradestinatario),threat
el presidente de la nación y comandante en jefe de las fuerzas armadas,actor,"El resentimiento de la oposición se origina en la declaración del presidente, quien al presentarse como honorario y alineado con las fuerzas armadas, percibe favoritismo militar y provoca descontento.",DISCURSO_048_FR_007,Oposición política (la casta política) (tipo: contradestinatario),resentment
los graduados,actor,"El orgullo proviene de la presencia y el logro de los graduados, quienes son la entidad concreta que desencadena la emoción en la base partidaria al ser reconocidos y celebrados.",DISCURSO_048_FR_008,Partido político de Javier Milei y su base electoral (prodestinatario),orgullo
anuncio de que el presidente se dirigirá a los graduados,situacion,"El anuncio constituye una situación externa que genera expectativa sobre el contenido del discurso, provocando anticipación en la audiencia.",DISCURSO_048_FR_008,Público general argentino (paradestinatario),anticipación
el presidente,actor,"La indignación de la oposición se desencadena por la acción del presidente de dirigirse a los graduados, percibida como una maniobra política que les resta atención a la oposición.",DISCURSO_048_FR_008,Oposición política (la casta política) (contradestinatario),indignación
la finalización de la formación básica para el servicio a la patria,situacion,"El acto de completar la formación básica para el servicio a la patria genera orgullo en los miembros del partido y su base electoral, ya que representa un logro colectivo y un compromiso con la patria.",DISCURSO_048_FR_009,Partido político de Javier Milei y su base electoral (tipo: prodestinatario),orgullo
finalización de la formación básica para el servicio a la patria,situacion,El acto de culminar la formación básica constituye un evento concreto que genera orgullo en el público al reconocer el logro y el compromiso con la patria.,DISCURSO_048_FR_009,Público general argentino (tipo: paradestinatario),orgullo
la culminación de la vida de estudiantes y el inicio de la vida profesional de los graduados,situacion,"El sentimiento de orgullo se desencadena por el evento concreto de que los graduados concluyen su etapa académica y comienzan su carrera profesional, una situación que representa un logro y una transición importante.",DISCURSO_048_FR_010,Partido político de Javier Milei y su base electoral,orgullo
la exigencia permanente que enfrentarán los nuevos oficiales,situacion,"El discurso menciona que los nuevos oficiales deberán responder a demandas permanentes, lo que genera la esperanza de que la nueva generación cumplirá con los ideales del partido. La fuente de esa emoción es la situación de exigencia permanente que se presenta ante ellos.",DISCURSO_048_FR_010,Partido político de Javier Milei y su base electoral,esperanza
la culminación de la formación militar y el inicio de la carrera profesional de los cadetes,situacion,"El público general argentino siente orgullo al presenciar el evento de que los cadetes militares culminen su vida de estudiantes y comiencen su vida profesional, lo cual representa la defensa del país.",DISCURSO_048_FR_010,Público general argentino,orgullo
la transición de la vida estudiantil a la vida profesional con exigencia permanente,situacion,"El evento de culminar la vida estudiantil y comenzar la vida profesional, donde se exige permanencia, constituye una situación que inspira al público general argentino.",DISCURSO_048_FR_010,Público general argentino,inspiración
la crítica a la casta política,situacion,"La crítica dirigida a la casta política constituye un evento externo que provoca ansiedad en la oposición, ya que amenaza su influencia y los pone bajo presión de responder a las exigencias de responsabilidad.",DISCURSO_048_FR_010,Oposición política (la casta política),ansiedad
el discurso que restaura el respeto a las Fuerzas Armadas y critica la casta política,situacion,El discurso constituye un evento externo que provoca la emoción de resentimiento en la oposición al percibir una amenaza a su posición.,DISCURSO_048_FR_010,Oposición política (la casta política),resentimiento
la graduación de los estudiantes,situacion,"El orgullo del partido y su base electoral se desencadena por el evento concreto de la graduación, que marca el fin de una etapa de formación y el inicio de una nueva fase de aprendizaje continuo.",DISCURSO_048_FR_011,Partido político de Javier Milei y su base electoral (tipo: prodestinatario),orgullo
una nueva etapa de aprendizaje,situacion,"El discurso menciona el inicio de una nueva fase de aprendizaje que promete continuidad y crecimiento, lo cual constituye una circunstancia futura que genera esperanza en el público.",DISCURSO_048_FR_011,Partido político de Javier Milei y su base electoral (tipo: prodestinatario),esperanza
comienzo de una nueva etapa de aprendizaje que ofrece enseñanzas permanentes,situacion,"La emoción de optimismo surge del hecho de que la base electoral percibe la transición a una nueva fase de formación, donde las enseñanzas continuas y su impacto duradero representan una circunstancia positiva que impulsa la esperanza y el entusiasmo.",DISCURSO_048_FR_011,Partido político de Javier Milei y su base electoral (tipo: prodestinatario),optimismo
el inicio de una nueva etapa de formación,situacion,"El discurso destaca que termina una etapa y comienza otra de aprendizaje continuo, lo cual constituye una situación concreta que genera motivación en la base electoral.",DISCURSO_048_FR_011,Partido político de Javier Milei y su base electoral (tipo: prodestinatario),motivación
la transición de terminar una etapa de formación y comenzar otra de aprendizaje continuo,situacion,"El discurso inspira al público al describir el evento de concluir una etapa de formación y dar inicio a una nueva etapa de aprendizaje permanente, lo cual genera una sensación de inspiración.",DISCURSO_048_FR_011,Público general argentino (tipo: paradestinatario),inspiración
la promesa de una nueva etapa de aprendizaje que continuará toda la vida,situacion,"El mensaje describe el inicio de una nueva fase de formación que garantiza aprendizaje continuo y enseñanzas duraderas, lo cual constituye una circunstancia externa que genera esperanza en el público.",DISCURSO_048_FR_011,Público general argentino (tipo: paradestinatario),esperanza
el inicio de una nueva etapa de aprendizaje,situacion,"La emoción de optimismo se desencadena por la situación de que los graduados están a punto de comenzar una nueva fase de aprendizaje continuo, lo cual sugiere crecimiento y oportunidades futuras.",DISCURSO_048_FR_011,Público general argentino (tipo: paradestinatario),optimismo
el logro de los graduados,situacion,"El orgullo del público general se desencadena al presenciar el logro de los graduados, es decir, la culminación de su formación y el inicio de una nueva etapa de aprendizaje, un evento significativo que provoca la emoción.",DISCURSO_048_FR_011,Público general argentino (tipo: paradestinatario),orgullo
los sables,objeto,Los sables son objetos materiales que simbolizan los máximos principios y valores de los héroes emancipadores; su entrega genera orgullo en la base electoral al representar la continuidad de esos valores.,DISCURSO_048_FR_012,Partido político de Javier Milei y su base electoral,Orgullo
entrega de los sables,situacion,"La entrega de los sables, símbolo de los máximos principios y valores de los héroes emancipadores, constituye un evento que inspira a la base electoral a continuar apoyando la causa.",DISCURSO_048_FR_012,Partido político de Javier Milei y su base electoral,Inspiración
entrega de los sables,objeto,"La entrega de los sables, símbolos materiales que representan los principios y valores de los héroes emancipadores, actúa como estímulo tangible que motiva a la base electoral a participar activamente.",DISCURSO_048_FR_012,Partido político de Javier Milei y su base electoral,Motivación
los sables,objeto,"Los sables simbolizan los máximos principios y valores de los héroes emancipadores, y su entrega al público genera orgullo al reconocer la tradición militar argentina.",DISCURSO_048_FR_012,Público general argentino,Orgullo
los sables,objeto,"Los sables son objetos simbólicos que representan los principios y valores de los héroes emancipadores, evocando sentimientos patrióticos en la audiencia.",DISCURSO_048_FR_012,Público general argentino,Patriotismo
los sables,objeto,Los sables simbolizan los máximos principios y valores de los héroes emancipadores; su entrega concreta actúa como un objeto simbólico que inspira al público a valorar la historia y comprometerse con esos principios.,DISCURSO_048_FR_012,Público general argentino,Inspiración
la entrega de los sables,situacion,"La oposición política se siente indignada porque la ceremonia de entrega de los sables, símbolos de los máximos principios y valores de los héroes emancipadores, los excluye de la narrativa y la participación, generando una reacción de indignación ante la exclusión.",DISCURSO_048_FR_012,Oposición política (la casta política),Indignación
la entrega de los sables a los destinatarios,situacion,"El resentimiento surge porque la oposición percibe que la entrega simbólica de los sables, que representan los principios y valores de los héroes emancipadores, se realiza a otros, lo que implica una exclusión y falta de reconocimiento de sus aportes.",DISCURSO_048_FR_012,Oposición política (la casta política),Resentimiento
la entrega de los sables a la oposición,situacion,"El sentimiento de desprecio se desencadena por la acción de entregar sables, símbolo de fuerza militar, a la oposición, lo que implica una crítica implícita a la casta política y sugiere una militarización de la oposición, generando desprecio.",DISCURSO_048_FR_012,Oposición política (la casta política),Desprecio
símbolo del mando,objeto,"El discurso celebra el símbolo del mando, un elemento material/conceptual que representa orden, valor y gloria, lo cual genera orgullo entre los seguidores del partido.",DISCURSO_048_FR_013,Partido político de Javier Milei y su base electoral,orgullo
el sable,objeto,"El sable, como objeto simbólico de mando que acompaña a los oficiales durante toda su carrera militar, genera un sentimiento de respeto en el público argentino.",DISCURSO_048_FR_013,Público general argentino,respeto
la casta política,actor,"El discurso critica directamente a la casta política, provocando indignación en los opositores que perciben a los políticos de esa casta como responsables de la situación denunciada.",DISCURSO_048_FR_013,Oposición política (la casta política),indignación
juramento de fidelidad a la constitución nacional,situacion,"El acto de jurar fidelidad a la Constitución representa un compromiso con valores nacionales, lo que genera orgullo en el partido y su base electoral.",DISCURSO_048_FR_014,Partido político de Javier Milei y su base electoral,orgullo
juramento de fidelidad a la constitución nacional,situacion,"El acto de tomar el juramento, que promete una vida entera de servicio a la nación, constituye una situación concreta que genera esperanza en el grupo.",DISCURSO_048_FR_014,Partido político de Javier Milei y su base electoral,esperanza
juramento de fidelidad a la constitución nacional,situacion,"El acto de tomar el juramento de fidelidad a la constitución nacional constituye una situación concreta que inspira motivación en los partidarios, al comprometerlos con una vida de servicio a la nación.",DISCURSO_048_FR_014,Partido político de Javier Milei y su base electoral,motivación
juramento de fidelidad a la constitución nacional,situacion,"El acto de jurar lealtad a la Constitución es un evento que simboliza el compromiso con la nación, generando sentimientos patrióticos en el público.",DISCURSO_048_FR_014,Público general argentino,patriotismo
ceremonia de entrega de sables y juramento,situacion,"La ceremonia y el juramento simbolizan la fortaleza y legitimidad de las instituciones nacionales, lo que provoca orgullo en la población.",DISCURSO_048_FR_014,Público general argentino,orgullo
juramento de fidelidad a la constitución nacional,objeto,"El juramento simboliza el compromiso de los oficiales con la nación, proyectando un futuro prometedor que genera esperanza en el público.",DISCURSO_048_FR_014,Público general argentino,esperanza
el discurso que critica a la casta política,objeto,"El discurso contiene una crítica directa a la influencia y privilegios de la casta política, lo que provoca resentimiento en sus miembros.",DISCURSO_048_FR_014,Oposición política (la casta política),resentimiento
el gobierno,actor,"El sentimiento de amenaza se origina en la acción del gobierno de imponer el juramento de fidelidad a la constitución nacional, una medida coercitiva que la oposición percibe como una limitación a su poder político.",DISCURSO_048_FR_014,Oposición política (la casta política),amenaza
los tres vitrales de este techo,objeto,"El llamado a recordar los preceptos consignados en los tres vitrales de este techo —orden, valor y gloria— actúa como un elemento material tangible que simboliza los valores del partido. Este objeto concreto sirve como fuente que provoca el sentimiento de orgullo entre los partidarios al evocar la identidad y la misión compartida.",DISCURSO_048_FR_015,Partido político de Javier Milei y su base electoral (tipo: prodestinatario),orgullo
los tres vitrales de este techo,objeto,"Los vitrales, como objetos materiales que exhiben los preceptos de orden, valor y gloria, actúan como estímulo visual y simbólico que inspira a la base electoral a recordarlos y actuar en consecuencia.",DISCURSO_048_FR_015,Partido político de Javier Milei y su base electoral (tipo: prodestinatario),inspiración
los tres vitrales de este techo,objeto,"El discurso menciona que los graduados deben grabar en su memoria los preceptos consignados en los tres vitrales del techo: orden, valor y gloria. Estos vitrales, como elementos materiales que contienen los valores motivadores, son la fuente concreta que provoca la emoción de motivación en la base electoral.",DISCURSO_048_FR_015,Partido político de Javier Milei y su base electoral (tipo: prodestinatario),motivación
celebración de valores nacionales,situacion,El público general argentino siente orgullo al celebrar los valores nacionales consignados en los vitrales.,DISCURSO_048_FR_015,Público general argentino (tipo: paradestinatario),orgullo
los tres vitrales de este techo,objeto,"Los vitrales son elementos materiales que presentan los preceptos de orden, valor y gloria, los cuales sirven como estímulo visual y simbólico que inspira al público general argentino a recordar y vivir según esos valores.",DISCURSO_048_FR_015,Público general argentino (tipo: paradestinatario),inspiración
los tres vitrales de este techo,objeto,"Los vitrales son elementos materiales que, al contener los preceptos de orden, valor y gloria, generan asombro ante su simbología militar.",DISCURSO_048_FR_015,Público general argentino (tipo: paradestinatario),asombro
la reafirmación de la relación Estado-fuerzas armadas en el discurso,situacion,"El discurso menciona los preceptos de orden, valor y gloria, lo que la oposición interpreta como una reafirmación de la relación entre el Estado y las fuerzas armadas, generando indignación.",DISCURSO_048_FR_015,Oposición política (la casta política) (tipo: contradestinatario),indignación
la exclusión de la oposición de la celebración,situacion,"El discurso menciona la celebración y los preceptos, pero la oposición no está incluida, creando una situación de exclusión que provoca resentimiento.",DISCURSO_048_FR_015,Oposición política (la casta política) (tipo: contradestinatario),resentimiento
graduados,actor,"La frase ""son el norte para una vida al servicio de la patria"" alogia a los graduados como guía para la patria, lo que provoca orgullo en el partido y su base electoral. Por lo tanto, los graduados son la entidad concreta que desencadena la emoción.",DISCURSO_048_FR_016,Partido político de Javier Milei y su base electoral (tipo: prodestinatario),orgullo
los oficiales,actor,"Los oficiales son presentados como el norte, lo que inspira a la base a seguir apoyando y comprometerse con la causa.",DISCURSO_048_FR_016,Partido político de Javier Milei y su base electoral (tipo: prodestinatario),motivación
los militares argentinos,actor,"El reconocimiento de los militares como guías de la patria genera orgullo en el público general argentino, ya que la figura de los militares actúa como el elemento que provoca la emoción.",DISCURSO_048_FR_016,Público general argentino (tipo: paradestinatario),orgullo
los soldados,actor,"La frase ""son el norte para una vida al servicio de la patria"" se refiere a los soldados como la guía y el ejemplo que inspira al público a valorar el servicio militar y aspirar a una vida guiada por valores patrióticos. Los soldados, como grupo concreto, son la entidad que provoca la emoción de inspiración.",DISCURSO_048_FR_016,Público general argentino (tipo: paradestinatario),inspiración
la frase 'son el norte para una vida al servicio de la patria',objeto,"El contenido de la frase, que exalta la vida militar como norte, se percibe por la oposición como una crítica a la casta política, provocando indignación.",DISCURSO_048_FR_016,Oposición política (la casta política) (tipo: contradestinatario),indignación
el ejército,actor,"El discurso que eleva al ejército como guía para una vida al servicio de la patria genera temor en la oposición política, ya que perciben que su posición política está siendo desafiada por la fuerza militar.",DISCURSO_048_FR_016,Oposición política (la casta política) (tipo: contradestinatario),miedo
los argentinos de bien,actor,"El orgullo del partido se desencadena por la expectativa de que la población argentina considerada ‘de bien’ reconocerá y valorará al partido, convirtiéndose en el actor que provoca la emoción.",DISCURSO_048_FR_017,Partido político de Javier Milei y su base electoral,orgullo
los graduados,actor,"El hablante expresa esperanza en que los graduados lograrán que todos los argentinos de bien estén orgullosos de ellos, por lo que la fuente de la emoción es el grupo de graduados, que actúan como el agente que provoca la esperanza.",DISCURSO_048_FR_017,Partido político de Javier Milei y su base electoral,esperanza
Partido político de Javier Milei,actor,"El hablante expresa confianza en que el partido logrará que todos los argentinos de bien se sientan orgullosos, por lo que la fuente de la emoción es el propio partido, un actor que provoca la sensación de confianza.",DISCURSO_048_FR_017,Partido político de Javier Milei y su base electoral,confianza
los graduados,actor,"El orgullo se genera por la expectativa de que los graduados lograrán hacer sentir orgullosos a los argentinos de bien; por lo tanto, los graduados son la entidad concreta que desencadena la emoción.",DISCURSO_048_FR_017,Público general argentino,orgullo
los graduados,actor,"El hablante expresa esperanza en que los graduados lograrán que el público argentino se sienta orgulloso, por lo que la fuente de la emoción es el grupo de graduados, quienes son los actores que provocan la esperanza.",DISCURSO_048_FR_017,Público general argentino,esperanza
los graduados,actor,"El hablante expresa confianza en que los graduados lograrán que el público argentino se sienta orgulloso, por lo que la fuente de la emoción es el grupo de graduados que actúan como agente de ese resultado.",DISCURSO_048_FR_017,Público general argentino,confianza
el momento histórico que estamos atravesando como país,situacion,"El orgullo se desencadena por la percepción de que el país está viviendo un momento histórico con un significado especial, lo cual constituye una situación externa que provoca la emoción.",DISCURSO_048_FR_018,Partido político de Javier Milei y su base electoral,orgullo
el momento histórico que estamos atravesando como país,situacion,"El discurso destaca el carácter especial y cargado de significado del momento histórico actual, lo que sugiere que las acciones futuras pueden generar un impacto positivo, generando así esperanza en la audiencia.",DISCURSO_048_FR_018,Partido político de Javier Milei y su base electoral,esperanza
el momento histórico que estamos atravesando como país,situacion,La referencia al momento histórico concreto despierta curiosidad al invitar a la audiencia a reflexionar sobre su significado y contexto.,DISCURSO_048_FR_018,Público general argentino,curiosidad
el momento histórico que estamos atravesando como país,situacion,"El énfasis en el significado especial de las acciones y compromisos se refiere al contexto histórico actual del país, lo cual constituye una situación externa que genera la sensación de esperanza en el público.",DISCURSO_048_FR_018,Público general argentino,esperanza
afirmación del discurso sobre el momento histórico que estamos atravesando como país,situacion,"El escepticismo de la oposición se origina en la declaración de valor contenida en el discurso, la cual constituye una situación externa (el contenido del discurso) que cuestiona su posición y genera duda sobre la validez de la interpretación histórica.",DISCURSO_048_FR_018,Oposición política (la casta política),escepticismo
presidente,actor,"La incredulidad de la oposición se desencadena por la interpretación del presidente sobre el momento histórico que están atravesando como país, lo cual provoca una reacción de incredulidad ante la interpretación del mandatario.",DISCURSO_048_FR_018,Oposición política (la casta política),incredulidad
el hecho de haber comenzado a revertir la realidad miserable impuesta por la casta política,situacion,"El orgullo se origina en el logro colectivo de revertir la realidad miserable impuesta por la casta política, una situación concreta que representa progreso y esfuerzo del grupo.",DISCURSO_048_FR_019,Partido político de Javier Milei y su base electoral (prodestinatario),orgullo
el proceso de reversión de la realidad miserable,situacion,"La frase señala que la realidad miserable impuesta por la casta política está siendo revertida, lo que constituye una situación de cambio positivo que genera esperanza entre los partidarios.",DISCURSO_048_FR_019,Partido político de Javier Milei y su base electoral (prodestinatario),esperanza
el hecho de haber comenzado a revertir la realidad miserable impuesta por la casta política,situacion,"La satisfacción surge del reconocimiento de que, tras mucho tiempo de imposición de una realidad miserable, el partido y su base han logrado iniciar la reversión de esa situación, lo cual constituye una circunstancia concreta que desencadena la emoción.",DISCURSO_048_FR_019,Partido político de Javier Milei y su base electoral (prodestinatario),satisfacción
la reversión de la realidad miserable,situacion,"El discurso indica que, con esfuerzo, se ha empezado a revertir la realidad miserable impuesta por la casta política, lo que genera esperanza en el público general argentino.",DISCURSO_048_FR_019,Público general argentino (paradestinatario),esperanza
la reversión de la realidad miserable,situacion,"El discurso indica que la realidad miserable impuesta por la casta política está siendo revertida, lo que constituye una situación de mejora que provoca alivio en el público.",DISCURSO_048_FR_019,Público general argentino (paradestinatario),alivio
el esfuerzo colectivo para revertir la realidad miserable impuesta por la casta política,situacion,"El orgullo se desencadena por la situación concreta de haber empezado a revertir la realidad miserable impuesta por la casta política, lo que representa un logro colectivo que genera orgullo entre los ciudadanos.",DISCURSO_048_FR_019,Público general argentino (paradestinatario),orgullo
la casta política,actor,"La frase critica a la casta política por imponer una realidad miserable, lo que provoca ira en la audiencia.",DISCURSO_048_FR_019,Público general argentino (paradestinatario),ira
la casta política,actor,"El discurso acusa a la casta política de imponer una realidad miserable, lo que provoca ira en el grupo opositor al sentirse atacado por las acciones de ese actor.",DISCURSO_048_FR_019,Oposición política (la casta política) (contradestinatario),ira
la casta política,actor,"El sentimiento de frustración se origina en la acción del actor ""la casta política"", que impuso una realidad miserable a los argentinos durante mucho tiempo.",DISCURSO_048_FR_019,Oposición política (la casta política) (contradestinatario),frustración
la casta política,actor,"El sentimiento de indignación de la oposición se origina en la acción del actor ""la casta política"", que según el discurso impuso una realidad miserable a todos los argentinos.",DISCURSO_048_FR_019,Oposición política (la casta política) (contradestinatario),indignación
la casta,actor,"El discurso acusa a la casta de haber fracturado la relación entre la política y las fuerzas armadas, lo que provoca indignación en el partido y su base electoral.",DISCURSO_048_FR_020,Partido político de Javier Milei y su base electoral (prodestinatario),indignación
la casta,actor,"El discurso acusa a la casta de fracturar la relación entre la política y las fuerzas armadas, lo que provoca indignación en el público.",DISCURSO_048_FR_020,Público general argentino (paradestinatario),indignación
la acusación de que la casta ha fracturado la relación entre la política y las fuerzas armadas,situacion,"El sentimiento de ira surge porque el hablante, perteneciente a la oposición política, se ve acusado de haber fracturado la relación entre la política y las fuerzas armadas. Esa acusación constituye una situación externa que desencadena la emoción.",DISCURSO_048_FR_020,Oposición política (la casta política) (contradestinatario),ira
"la casta política que, durante décadas, se llenaba la boca hablando de soberanía y luego desprestigió y diferenció a las fuerzas militares",actor,"La indignación surge por la acción de los políticos que, a pesar de prometer soberanía, han desprestigió y diferenciado a las fuerzas militares, provocando la pérdida de años valiosos en su desarrollo.",DISCURSO_048_FR_021,Partido político de Javier Milei y su base electoral,Indignación
los mismos que se llenaban la boca hablando de soberanía,actor,"El grupo de personas que, aunque hablaban de soberanía, se dedicaron a desprestigiar y diferenciar a las fuerzas del partido, provocando la pérdida de años valiosos en el desarrollo militar, es el origen directo de la ira expresada por el partido.",DISCURSO_048_FR_021,Partido político de Javier Milei y su base electoral,Ira
los mismos que se llenaban la boca hablando de soberanía,actor,"El origen de la frustración es la acción de los opositores políticos que, a pesar de hablar de soberanía, se dedicaron a desprestigiar y diferenciar a las fuerzas del partido, provocando la pérdida de años valiosos en el desarrollo militar.",DISCURSO_048_FR_021,Partido político de Javier Milei y su base electoral,Frustración
los opositores políticos que desprestigian nuestras fuerzas,actor,"La desilusión surge por las acciones de los actores que, aunque hablaban de soberanía, luego desprestigian y diferencian a las fuerzas del partido, provocando la pérdida de años valiosos en el desarrollo militar.",DISCURSO_048_FR_021,Partido político de Javier Milei y su base electoral,Desilusión
la casta política argentina que promueve la soberanía pero desprestigia a las fuerzas armadas,actor,"La indignación surge al percibir que los mismos políticos que hablan de soberanía se dedican a desprestigiar y diferenciar a las fuerzas armadas, generando frustración y enojo en el público general.",DISCURSO_048_FR_021,Público general argentino,Indignación
los mismos que se llenaban la boca hablando de soberanía,actor,"El sentimiento de ira se desencadena por la conducta de los individuos que, aunque hablan de soberanía, se dedican a desprestigiar y diferenciar a las fuerzas, provocando la pérdida de años valiosos en el desarrollo militar.",DISCURSO_048_FR_021,Público general argentino,Ira
los mismos que se llenaban la boca hablando de soberanía,actor,"El grupo de personas que, a pesar de hablar de soberanía, se dedicó a desprestigiar y diferenciar a las fuerzas militares provocó la pérdida de años de desarrollo, generando frustración en el público general argentino.",DISCURSO_048_FR_021,Público general argentino,Frustración
los mismos que se llenaban la boca hablando de soberanía,actor,"El sentimiento de desilusión se origina porque ese grupo de personas, que antes promovían la soberanía, luego desprestigió y diferenció a las fuerzas militares, provocando la pérdida de años valiosos en el desarrollo de capacidades militares.",DISCURSO_048_FR_021,Público general argentino,Desilusión
la oposición,actor,"El alivio surge porque la oposición no logró destruir el afecto persistente de la sociedad por las fuerzas armadas, evitando así una amenaza que se percibía como peligrosa para el grupo que comparte los valores del presidente.",DISCURSO_048_FR_022,Partido político de Javier Milei y su base electoral (prodestinatario),alivio
el afecto persistente que tiene la sociedad por las fuerzas armadas argentinas,situacion,"El orgullo del partido se desencadena por la situación de que la sociedad mantiene un afecto constante hacia las fuerzas armadas, lo cual constituye un estado social que provoca la emoción.",DISCURSO_048_FR_022,Partido político de Javier Milei y su base electoral (prodestinatario),orgullo
la persistencia del afecto de la sociedad por las fuerzas armadas argentinas,situacion,"La satisfacción del partido político de Javier Milei y su base electoral se desencadena por la situación de que la sociedad mantiene su afecto persistente hacia las fuerzas armadas, lo cual cumple la expectativa de que sus ideales y la relación con las fuerzas armadas se mantienen intactos.",DISCURSO_048_FR_022,Partido político de Javier Milei y su base electoral (prodestinatario),satisfacción
la no destrucción del afecto persistente de la sociedad por las fuerzas armadas,situacion,"El mensaje comunica que el afecto persistente de la sociedad por las fuerzas armadas no fue destruido, lo que genera una sensación de reconfort al saber que ese valor permanece intacto.",DISCURSO_048_FR_022,Público general argentino (paradestinatario),reconfort
afecto persistente que tiene la sociedad por las fuerzas armadas argentinas,objeto,"El sentimiento de esperanza se desencadena por la constancia del afecto de la sociedad hacia las fuerzas armadas, que se presenta como un objeto emocional que mantiene la relación positiva.",DISCURSO_048_FR_022,Público general argentino (paradestinatario),esperanza
la preservación del afecto persistente de la sociedad argentina por las fuerzas armadas,situacion,"El orgullo se desencadena al observar que el afecto que la sociedad argentina mantiene por las fuerzas armadas no ha sido destruido, lo que representa una situación de continuidad y valoración del vínculo con las fuerzas armadas.",DISCURSO_048_FR_022,Público general argentino (paradestinatario),orgullo
el afecto persistente que tiene la sociedad por las fuerzas armadas argentinas,objeto,"La emoción de decepción surge porque la oposición política no logró destruir el afecto que la sociedad mantiene por las fuerzas armadas, y ese afecto persistente es el elemento concreto que provoca la sensación de fracaso.",DISCURSO_048_FR_022,Oposición política (la casta política) (contradestinatario),decepción
el intento de la oposición política de destruir el afecto persistente de la sociedad por las fuerzas armadas argentinas,situacion,"La frustración del experienciador surge por la imposibilidad de que la oposición política logre su objetivo de destruir el afecto, lo cual constituye un evento situacional que desencadena la emoción.",DISCURSO_048_FR_022,Oposición política (la casta política) (contradestinatario),frustración
el fracaso de la oposición al intentar destruir el afecto de la sociedad por las fuerzas armadas,situacion,"El sentimiento de vergüenza surge porque la oposición, al no lograr su objetivo de destruir el afecto de la sociedad por las fuerzas armadas, pierde credibilidad ante la sociedad, generando una sensación de vergüenza.",DISCURSO_048_FR_022,Oposición política (la casta política) (contradestinatario),vergüenza
el respeto y el reconocimiento que se merecen,situacion,"La emoción de orgullo surge por la situación de que las fuerzas del partido están recibiendo el respeto y reconocimiento que consideran merecidos, lo cual constituye un evento externo que desencadena la emoción.",DISCURSO_048_FR_023,Partido político de Javier Milei y su base electoral (tipo: prodestinatario),Orgullo
dando vuelta esta triste página de la historia,situacion,"La emoción de esperanza surge al afirmar que están dando vuelta la triste página de la historia y escribiendo una nueva, lo que representa un cambio positivo y la posibilidad de un futuro mejor.",DISCURSO_048_FR_023,Partido político de Javier Milei y su base electoral (tipo: prodestinatario),Esperanza
el hecho de dar vuelta la página triste de la historia y comenzar a escribir una nueva,situacion,"El optimismo surge de la situación de superar una etapa negativa y avanzar hacia una nueva era con respeto y reconocimiento, lo que genera esperanza y entusiasmo en el partido y su base.",DISCURSO_048_FR_023,Partido político de Javier Milei y su base electoral (tipo: prodestinatario),Optimismo
el reconocimiento y respeto que reciben sus fuerzas,situacion,"La satisfacción se origina en la situación de que las fuerzas del partido obtienen el respeto y reconocimiento que merecen, lo cual constituye un evento positivo que desencadena la emoción.",DISCURSO_048_FR_023,Partido político de Javier Milei y su base electoral (tipo: prodestinatario),Satisfacción
el acto de dar vuelta la triste página de la historia y comenzar a escribir una nueva,situacion,"La emoción de esperanza surge del contexto de un nuevo comienzo, donde se abandona una página triste y se inicia una nueva, lo que implica la posibilidad de que las fuerzas reciban el respeto y reconocimiento que merecen.",DISCURSO_048_FR_023,Público general argentino (tipo: paradestinatario),Esperanza
la situación de dar vuelta la página triste de la historia y comenzar a escribir una nueva,situacion,"El optimismo se desencadena por la circunstancia de dejar atrás una página triste de la historia y emprender la escritura de una nueva, lo cual simboliza renovación y esperanza.",DISCURSO_048_FR_023,Público general argentino (tipo: paradestinatario),Optimismo
el reconocimiento de las fuerzas,situacion,"El orgullo surge al percibir que las fuerzas reciben el respeto y reconocimiento que merecen, una situación de reconocimiento que valida su valor.",DISCURSO_048_FR_023,Público general argentino (tipo: paradestinatario),Orgullo
el reconocimiento y respeto que reciben nuestras fuerzas,situacion,"La satisfacción surge de la situación en la que las fuerzas reciben el respeto y reconocimiento que merecen, generando orgullo y contento en el público.",DISCURSO_048_FR_023,Público general argentino (tipo: paradestinatario),Satisfacción
la casta política,actor,"La indignación surge por las acciones de la casta política, la cual ha deteriorado la relación con las fuerzas, provocando que el experienciador sienta indignación.",DISCURSO_048_FR_023,Oposición política (la casta política) (tipo: contradestinatario),Indignación
reconciliación de las fuerzas armadas con la política,situacion,"La frase describe una acción concreta de reconciliación entre las fuerzas armadas y la política, un evento que genera orgullo en el partido.",DISCURSO_048_FR_024,prodestinatario,orgullo
reconciliación de las fuerzas armadas con la política,situacion,"El anuncio de reconciliación sugiere un futuro más estable, generando esperanza potencial en el partido y su base.",DISCURSO_048_FR_024,prodestinatario,esperanza
reconciliación de las fuerzas armadas con la política,situacion,"La acción de reconciliar las fuerzas armadas con la política constituye un evento concreto que genera estabilidad y, por ende, una sensación de seguridad en el partido y su base.",DISCURSO_048_FR_024,prodestinatario,seguridad
reconciliación de las fuerzas armadas con la política,situacion,El acto de reconciliar las fuerzas armadas con la política constituye un evento externo que genera una sensación de estabilidad y seguridad en el público general.,DISCURSO_048_FR_024,paradestinatario,seguridad
el anuncio de la reconciliación de las fuerzas armadas con la política,situacion,El anuncio de que las fuerzas armadas se están reconcilando con la política constituye un evento concreto que puede generar confianza en el público general hacia el gobierno.,DISCURSO_048_FR_024,paradestinatario,confianza
reconciliación de las fuerzas armadas con la política,situacion,"La oposición percibe la reconciliación de las fuerzas armadas con la política como una amenaza a su poder, lo que desencadena su indignación.",DISCURSO_048_FR_024,contradestinatario,indignación
la reconciliación de las fuerzas armadas con la política,situacion,"El miedo del contradestinatario se origina en la situación de que las fuerzas armadas se están reconcilando con la política, lo cual amenaza con cambiar el equilibrio de poder y generar incertidumbre.",DISCURSO_048_FR_024,contradestinatario,miedo
reconciliación de las fuerzas armadas con la política,situacion,"La oposición percibe que la reconciliación entre las fuerzas armadas y la política favorece a las fuerzas armadas, lo que genera resentimiento. El evento concreto que desencadena la emoción es la reconciliación de las fuerzas armadas con la política.",DISCURSO_048_FR_024,contradestinatario,resentimiento
gobierno,actor,"El orgullo se desencadena por la promesa del gobierno de acompañar y respaldar a la nueva generación, además de honrar el legado histórico, lo que constituye una acción concreta de un actor que genera la emoción.",DISCURSO_048_FR_025,Partido político de Javier Milei y su base electoral,orgullo
la promesa de acompañamiento y jerarquización de las fuerzas por parte del gobierno,situacion,"La esperanza surge de la expectativa de que el gobierno cumplirá con su promesa de acompañar y jerarquizar las tres fuerzas, lo cual constituye una situación futura que genera optimismo en la base electoral.",DISCURSO_048_FR_025,Partido político de Javier Milei y su base electoral,esperanza
el gobierno,actor,"El discurso menciona que el gobierno hará todo lo posible para acompañar y apoyar a la base electoral, lo cual actúa como fuente de la emoción de confianza.",DISCURSO_048_FR_025,Partido político de Javier Milei y su base electoral,confianza
gobierno,actor,"El discurso promete que el gobierno acompañará a los egresados y hará todo lo posible para jerarquizar las tres fuerzas, honrando el legado histórico, lo cual genera esperanza en el público general argentino.",DISCURSO_048_FR_025,Público general argentino,esperanza
el legado de Roca y San Martín,experiencia,El reconocimiento del legado histórico de Roca y San Martín genera orgullo nacional en el público argentino.,DISCURSO_048_FR_025,Público general argentino,orgullo
gobierno argentino,actor,La promesa de acompañamiento y apoyo del gobierno argentino genera confianza en el público general argentino.,DISCURSO_048_FR_025,Público general argentino,confianza
el gobierno,actor,"El discurso presenta al gobierno como el actor que ofrece apoyo y jerarquiza las tres fuerzas, lo que provoca que la oposición perciba una exclusión y genere resentimiento.",DISCURSO_048_FR_025,Oposición política (la casta política),resentimiento
el gobierno,actor,"El gobierno, al acompañar y jerarquizar las tres fuerzas, refuerza su posición y excluye a la oposición, lo que provoca frustración en los miembros de la oposición política.",DISCURSO_048_FR_025,Oposición política (la casta política),frustración
el discurso del partido,objeto,"El discurso se percibe como propaganda que favorece al partido, generando indignación en la oposición.",DISCURSO_048_FR_025,Oposición política (la casta política),indignación
los desafíos que atraviesa nuestra patria,situacion,"El orgullo se desencadena al reconocer que la nación enfrenta retos sin precedentes, lo que implica que el partido y su base están llamados a responder con coraje, decisión y responsabilidad, generando un sentimiento de honor y pertenencia.",DISCURSO_048_FR_026,Partido político de Javier Milei y su base electoral,orgullo
los desafíos que atraviesa nuestra patria,situacion,"Los desafíos externos que enfrenta la nación son la circunstancia que impulsa a la base electoral a comprometerse con coraje, decisión y responsabilidad, generando motivación.",DISCURSO_048_FR_026,Partido político de Javier Milei y su base electoral,motivación
los desafíos que atraviesa nuestra patria,situacion,"La frase destaca que los retos actuales de la nación exigen preparación y acción, lo que provoca inspiración en el público al reconocer la urgencia y la necesidad de actuar con coraje, decisión y responsabilidad.",DISCURSO_048_FR_026,Público general argentino,inspiración
los desafíos que atraviesa nuestra patria,situacion,"La frase señala que los retos que enfrenta el país exigen preparación y acción, generando un sentido de deber y responsabilidad en el público.",DISCURSO_048_FR_026,Público general argentino,responsabilidad
los desafíos que atraviesa nuestra patria,situacion,"La frase indica que la presión surge de los retos que enfrenta el país, por lo que la fuente de la emoción es la situación de dichos desafíos.",DISCURSO_048_FR_026,Público general argentino,presión
el presidente,actor,"La oposición percibe las exigencias del presidente como una sobreposición de poder, lo que provoca indignación. El presidente, como actor que impone esas exigencias, es la fuente concreta de la emoción.",DISCURSO_048_FR_026,Oposición política (la casta política),indignación
la imposición de nuevas demandas por parte del gobierno,situacion,"La oposición política se frustra al enfrentar nuevas exigencias impuestas por el gobierno, lo que reduce su espacio para la crítica y aumenta la presión sobre sus miembros.",DISCURSO_048_FR_026,Oposición política (la casta política),frustración
la batalla de caseros,situacion,"El discurso menciona la batalla de Caseros, un evento histórico que simboliza valor nacional, lo que provoca orgullo en el partido y su base.",DISCURSO_048_FR_027,Partido político de Javier Milei y su base electoral (prodestinatario),orgullo
el sitio histórico de la batalla de Caseros,espacio,"El discurso menciona el lugar donde ocurrió la batalla de Caseros, un sitio con gran significado histórico y militar, lo que provoca reverencia en el público.",DISCURSO_048_FR_027,Partido político de Javier Milei y su base electoral (prodestinatario),reverencia
la batalla de Caseros,situacion,"La referencia a la batalla de Caseros, un evento histórico que ocurrió hace 172 años, actúa como una situación concreta que evoca recuerdos del pasado y genera nostalgia en el público del partido.",DISCURSO_048_FR_027,Partido político de Javier Milei y su base electoral (prodestinatario),nostalgia
la batalla de Caseros,situacion,"El discurso menciona la batalla de Caseros, un hito histórico nacional que sirve como evento externo que provoca orgullo en la audiencia.",DISCURSO_048_FR_027,Público general argentino (paradestinatario),orgullo
la batalla de Caseros,situacion,"La referencia al evento histórico de la batalla de Caseros, ocurrido hace 172 años, genera reverencia en el público al recordar la importancia y el legado de ese acontecimiento.",DISCURSO_048_FR_027,Público general argentino (paradestinatario),reverencia
la batalla de Caseros,situacion,"La nostalgia se desencadena al recordar el evento histórico de la batalla de Caseros que ocurrió hace 172 años, evocando recuerdos y sentimientos de pasado.",DISCURSO_048_FR_027,Público general argentino (paradestinatario),nostalgia
el discurso que enfatiza la relación entre el Estado y las Fuerzas Armadas y la restauración del respeto,objeto,"El discurso concreto, al resaltar la relación Estado‑Fuerzas Armadas y la restauración del respeto, se percibe por la oposición como una amenaza a su posición, provocando indignación.",DISCURSO_048_FR_027,Oposición política (la casta política) (contradestinatario),indignación
prevalecer contra la tiranía rosista,situacion,"La emoción de orgullo se desencadena por la acción concreta de los camaradas de armas al prevalecer contra la tiranía rosista, un evento histórico que constituye la situación que provoca la emoción.",DISCURSO_048_FR_028,Partido político de Javier Milei y su base electoral (prodestinatario),orgullo
un llamado histórico,situacion,El llamado histórico a prevalecer contra la tiranía rosista actúa como un evento que impulsa la motivación de los miembros del partido y su base electoral.,DISCURSO_048_FR_028,Partido político de Javier Milei y su base electoral (prodestinatario),motivación
llamado histórico,situacion,"El llamado histórico a la acción frente a la tiranía rosista constituye un evento externo que motiva a los camaradas a estar a la altura y prevalecer, generando así la emoción de determinación.",DISCURSO_048_FR_028,Partido político de Javier Milei y su base electoral (prodestinatario),determinación
llamado histórico,situacion,El llamado histórico a prevalecer contra la tiranía rosista constituye una situación de urgencia y propósito que inspira al público general argentino.,DISCURSO_048_FR_028,Público general argentino (paradestinatario),inspiración
llamado histórico,situacion,"La esperanza se origina en la promesa de prevalecer contra la tiranía rosista, la cual se expresa como un llamado histórico que constituye un evento concreto que motiva la expectativa de victoria.",DISCURSO_048_FR_028,Público general argentino (paradestinatario),esperanza
"el orador que etiqueta a la oposición como ""tiranía rosista""",actor,"El origen de la indignación es la acusación explícita del orador de que la oposición constituye una ""tiranía rosista"", lo cual constituye una acción de etiquetado dirigida a la oposición y provoca la emoción de indignación en los receptores.",DISCURSO_048_FR_028,Oposición política (la casta política) (contradestinatario),indignación
memoria del héroe,experiencia,"El discurso alude a la memoria de un héroe como ejemplo a seguir, lo que provoca orgullo en el partido y su base al asociar sus valores con la historia y la valentía.",DISCURSO_048_FR_029,Partido político de Javier Milei y su base electoral,orgullo
la memoria de un modelo a seguir,experiencia,"La frase indica que la memoria de un ejemplo o modelo a seguir debe motivar a la audiencia, por lo que la fuente de la emoción es la experiencia de recordar a ese modelo.",DISCURSO_048_FR_029,Partido político de Javier Milei y su base electoral,motivación
memoria de un líder histórico,experiencia,"El discurso menciona que la ""memoria"" debe ser un ejemplo y modelo a seguir, lo que indica que la fuente de la inspiración es la experiencia de recordar a ese líder histórico.",DISCURSO_048_FR_029,Partido político de Javier Milei y su base electoral,inspiración
la memoria del héroe,experiencia,"El recuerdo de la memoria del héroe actúa como modelo a seguir, generando orgullo en el público.",DISCURSO_048_FR_029,Público general argentino,orgullo
la memoria del héroe,experiencia,"El discurso invita a que la memoria de una persona (el héroe) sea un ejemplo y modelo a seguir, lo que provoca inspiración en el público. La memoria es una vivencia pasada que actúa como fuente de motivación.",DISCURSO_048_FR_029,Público general argentino,inspiración
la nación,actor,"El enunciado que la nación cuenta con los oficiales genera orgullo al reconocer su importancia y liderazgo, por lo que la nación actúa como fuente de la emoción de orgullo.",DISCURSO_048_FR_030,Partido político de Javier Milei y su base electoral,Pride
los oficiales que hoy egresan,actor,"La frase expresa confianza en la capacidad y responsabilidad de los oficiales que están egresando, por lo que la fuente de la emoción es el propio grupo de oficiales, actuando como actor que provoca la sensación de seguridad y respaldo en el grupo partidario.",DISCURSO_048_FR_030,Partido político de Javier Milei y su base electoral,Confidence
la nación cuenta con ustedes,situacion,"El anuncio de que la nación cuenta con los oficiales crea una situación de apoyo y reconocimiento que proyecta un futuro positivo, generando esperanza en la audiencia.",DISCURSO_048_FR_030,Público general argentino,Hope
la nación,actor,"El mensaje expresa que la nación confía en los oficiales egresados, lo que genera una sensación de confianza en la institución.",DISCURSO_048_FR_030,Público general argentino,Trust
declaración política del gobierno,objeto,"La oposición percibe la declaración como una maniobra política, por lo que la fuente de su escepticismo es la propia declaración política emitida por el gobierno.",DISCURSO_048_FR_030,Oposición política (la casta política),Skepticism
la graduación de oficiales,situacion,La oposición política siente indiferencia porque el evento de graduación de oficiales no les afecta directamente; la situación de la graduación es la causa que desencadena la emoción.,DISCURSO_048_FR_030,Oposición política (la casta política),Indifference
la nación,actor,"La frase ""ustedes pueden contar con la nación"" presenta a la nación como la entidad que brinda apoyo y respaldo, lo que genera confianza en el partido y su base electoral.",DISCURSO_048_FR_031,Partido político de Javier Milei y su base electoral,confianza
la nación,actor,"El mensaje indica que la nación es la entidad que brinda respaldo y promesa de futuro, generando esperanza en el partido y su base electoral.",DISCURSO_048_FR_031,Partido político de Javier Milei y su base electoral,esperanza
la nación,actor,La promesa de apoyo hecha por la nación genera confianza en el público argentino.,DISCURSO_048_FR_031,Público general argentino,confianza
la nación,actor,"El mensaje afirma que el público puede contar con la nación, lo que posiciona a la nación como el agente que brinda respaldo y, por ende, la fuente de la sensación de seguridad.",DISCURSO_048_FR_031,Público general argentino,seguridad
el gobierno,actor,"La promesa de la nación hecha por el gobierno se percibe como una amenaza a la influencia de la oposición, generando inseguridad.",DISCURSO_048_FR_031,Oposición política (la casta política),inseguridad
la nación,actor,"El sentimiento de resentimiento surge porque la oposición percibe que la nación favorece a su grupo, lo que genera una sensación de injusticia y desconfianza.",DISCURSO_048_FR_031,Oposición política (la casta política),resentimiento
los hombres y mujeres de nuestras fuerzas armadas que contribuyeron a la formación de nuestros nuevos oficiales,actor,"El reconocimiento de la contribución de los militares genera orgullo en el partido, pues su labor de formación de oficiales se percibe como un acto de valor y orden que refuerza los valores partidarios.",DISCURSO_048_FR_032,Partido político de Javier Milei y su base electoral,orgullo
hombres y mujeres de nuestras fuerzas armadas,actor,El reconocimiento público de la labor de las fuerzas armadas genera respeto en la audiencia general.,DISCURSO_048_FR_032,Público general argentino,respeto
la responsabilidad de educar en competencias y valores a la nueva camada,situacion,"El orgullo surge porque el partido percibe que se le ha confiado la importante tarea de educar a la nueva generación, lo que refuerza su sentido de logro y legitimidad.",DISCURSO_048_FR_033,Partido político de Javier Milei y su base electoral (prodestinatario),orgullo
la pesada responsabilidad de educar en competencias y valores a esta nueva camada,situacion,"La frase indica que la responsabilidad recae sobre el partido y su base electoral, lo que constituye una circunstancia externa y exigente que provoca ansiedad al percibirse como una carga pesada a cumplir.",DISCURSO_048_FR_033,Partido político de Javier Milei y su base electoral (prodestinatario),ansiedad
la responsabilidad de educar en competencias y valores a esta nueva camada,situacion,El público siente esperanza porque la responsabilidad de educar en competencias y valores a la nueva generación implica la posibilidad de un futuro mejor.,DISCURSO_048_FR_033,Público general argentino (paradestinatario),esperanza
fuerzas armadas,actor,"El discurso atribuye a las fuerzas armadas la pesada responsabilidad de educar en competencias y valores a la nueva camada, lo que genera en el público general argentino una sensación de confianza en que dichas instituciones cumplirán con dicha tarea.",DISCURSO_048_FR_033,Público general argentino (paradestinatario),confianza
las fuerzas armadas,actor,"La indignación surge porque la oposición percibe que se asigna a las fuerzas armadas la pesada responsabilidad de educar en competencias y valores, lo cual se interpreta como una carga indebida sobre ese grupo.",DISCURSO_048_FR_033,Oposición política (la casta política) (contradestinatario),indignación
la pesada responsabilidad de educar en competencias y valores a esta nueva camada,situacion,"El resentimiento de la oposición surge por la percepción de que se les ha asignado una carga de responsabilidad excesiva, lo cual constituye una circunstancia externa que desencadena la emoción.",DISCURSO_048_FR_033,Oposición política (la casta política) (contradestinatario),resentimiento
los graduados,actor,"El sentimiento de orgullo proviene de la expectativa de que los graduados, como actores externos, hagan sentir orgullosos al partido político de Javier Milei y su base electoral.",DISCURSO_048_FR_034,Partido político de Javier Milei y su base electoral,orgullo
los graduados,actor,"Los graduados, al realizar sus logros y presentaciones, provocan que el público general argentino sienta orgullo.",DISCURSO_048_FR_034,Público general argentino,orgullo
los graduados,actor,"El sentimiento de orgullo proviene de la expectativa de que los graduados, como actores externos, realicen acciones que hagan sentir orgullosos a la oposición política.",DISCURSO_048_FR_034,Oposición política (la casta política),orgullo
los familiares de nuestros oficiales,actor,"El sentimiento de gratitud se origina en el reconocimiento del acompañamiento y apoyo permanente que brindan los familiares de los oficiales, quienes son la causa directa de la emoción expresada.",DISCURSO_048_FR_035,Partido político de Javier Milei y su base electoral (tipo: prodestinatario),gratitud
los familiares de nuestros oficiales,actor,"El reconocimiento del acompañamiento y apoyo permanente de las familias de los oficiales genera orgullo en el partido y su base electoral, ya que perciben la fortaleza y el respaldo de su red de apoyo.",DISCURSO_048_FR_035,Partido político de Javier Milei y su base electoral (tipo: prodestinatario),orgullo
los familiares de nuestros oficiales,actor,"El agradecimiento se dirige a los familiares de los oficiales por su acompañamiento y apoyo permanente, lo que provoca en el público un sentimiento de aprecio. La fuente de la emoción es, por tanto, el grupo de personas (los familiares) que actúan como soporte emocional y logístico.",DISCURSO_048_FR_035,Público general argentino (tipo: paradestinatario),aprecio
feliz navidad,situacion,El deseo de que la audiencia tenga una feliz navidad constituye una situación festiva que genera alegría en el partido y su base electoral.,DISCURSO_048_FR_036,Partido político de Javier Milei y su base electoral (prodestinatario),felicidad
el próximo año,situacion,"El optimismo se origina en la expectativa de las oportunidades y posibilidades que ofrece el próximo año, motivando a planificar en grande.",DISCURSO_048_FR_036,Partido político de Javier Milei y su base electoral (prodestinatario),optimismo
invitación a planificar en grande para el próximo año,objeto,"La emoción de motivación se desencadena por la invitación concreta a planificar en grande, que actúa como un objeto motivador dentro del discurso.",DISCURSO_048_FR_036,Partido político de Javier Milei y su base electoral (prodestinatario),motivación
el hablante,actor,"El deseo expresado por el hablante de que el público tenga una feliz Navidad y planifique en grande genera una emoción de felicidad en el público, por lo que la fuente de la emoción es el actor que emite el mensaje.",DISCURSO_048_FR_036,Público general argentino (paradestinatario),felicidad
el próximo año,situacion,"La emoción de optimismo se desencadena por la perspectiva de planificar en grande para el próximo año, lo que constituye una situación futura que genera expectativas positivas.",DISCURSO_048_FR_036,Público general argentino (paradestinatario),optimismo
invitación a planificar en grande para el próximo año,situacion,"La frase invita al público a planificar en grande, creando una circunstancia que estimula la motivación para el futuro.",DISCURSO_048_FR_036,Público general argentino (paradestinatario),motivación
la Navidad,situacion,"El deseo de una feliz Navidad genera una emoción de felicidad en la oposición, ya que la celebración de la Navidad es un evento positivo que provoca dicha emoción.",DISCURSO_048_FR_036,Oposición política (la casta política) (contradestinatario),felicidad
el próximo año,situacion,"El optimismo se desencadena por la perspectiva de planificar en grande para el próximo año, lo que constituye una situación futura que genera expectativas positivas.",DISCURSO_048_FR_036,Oposición política (la casta política) (contradestinatario),optimismo
la invitación a planificar en grande para el próximo año,situacion,El discurso motiva al oyente al proponerles planificar en grande para el próximo año; la propuesta de planificación constituye una situación externa que desencadena la emoción de motivación.,DISCURSO_048_FR_036,Oposición política (la casta política) (contradestinatario),motivación
Dios,actor,El mensaje de bendición y la referencia a las fuerzas del cielo invocan a una entidad divina que actúa como fuente de esperanza para la base electoral.,DISCURSO_048_FR_037,Partido político de Javier Milei y su base electoral,hope
dios,actor,"La frase invoca a Dios como fuente de bendición y protección, lo que provoca en la audiencia una sensación de fe en un poder superior.",DISCURSO_048_FR_037,Partido político de Javier Milei y su base electoral,faith
las fuerzas del cielo,actor,"La expresión ""las fuerzas del cielo nos acompañen"" invoca la presencia de un poder divino que brinda protección y apoyo, generando una sensación de seguridad y tranquilidad en la audiencia.",DISCURSO_048_FR_037,Partido político de Javier Milei y su base electoral,reassurance
la bendición ofrecida por el orador,situacion,"El sentimiento de gratitud surge del evento concreto de que el orador (Javier Milei) pronuncie una bendición dirigida a la audiencia, lo cual constituye una situación que provoca la emoción.",DISCURSO_048_FR_037,Partido político de Javier Milei y su base electoral,gratitude
Dios,actor,"El discurso menciona una bendición y acompañamiento de ""Dios"" y ""las fuerzas del cielo"", entidades divinas que actúan como fuente de esperanza para el público argentino.",DISCURSO_048_FR_037,Público general argentino,hope
Dios,actor,"La invocación de ""Dios"" y las ""fuerzas del cielo"" actúa como fuente directa de la emoción de fe, ya que la referencia a un ser divino provoca la sensación de confianza y creencia en lo trascendental.",DISCURSO_048_FR_037,Público general argentino,faith
